ID,Type,SKU,"GTIN, UPC, EAN, or ISBN",Name,Published,"Is featured?","Visibility in catalog","Short description",Description,"Date sale price starts","Date sale price ends","Tax status","Tax class","In stock?",Stock,"Low stock amount","Backorders allowed?","Sold individually?","Weight (kg)","Length (mm)","Width (mm)","Height (mm)","Allow customer reviews?","Purchase note","Sale price","Regular price",Categories,Tags,"Shipping class",Images,"Download limit","Download expiry days",Parent,"Grouped products",Upsells,Cross-sells,"External URL","Button text",Position,"Swatches Attributes",Brands,"Attribute 1 name","Attribute 1 value(s)","Attribute 1 visible","Attribute 1 global","Attribute 1 default","Attribute 2 name","Attribute 2 value(s)","Attribute 2 visible","Attribute 2 global","Attribute 2 default","Attribute 3 name","Attribute 3 value(s)","Attribute 3 visible","Attribute 3 global","Attribute 3 default","Attribute 4 name","Attribute 4 value(s)","Attribute 4 visible","Attribute 4 global","Attribute 4 default","Attribute 5 name","Attribute 5 value(s)","Attribute 5 visible","Attribute 5 global","Attribute 5 default"
44,"simple, virtual",h3879,,"Folded Leaflets",-1,1,hidden,"Aut temporibus doloribus neque autem quaerat mollitia iure. Laudantium eligendi sit aut corrupti. Sint nam quas modi ad.","Beatae rem voluptas commodi vel eaque corrupti laboriosam. At officiis rerum explicabo atque assumenda et et. Saepe explicabo et sequi itaque optio voluptate inventore.\n\nEnim sunt quaerat cupiditate deleniti et. Architecto eius consequatur eveniet vitae officiis. Labore vel sed ullam magnam accusantium mollitia. Accusamus officiis sapiente fugiat rerum aut quis id.\n\nEa qui voluptatibus totam rerum voluptatem fugit voluptate. Possimus qui facere quaerat recusandae voluptas repudiandae. Velit itaque maiores vero vero numquam perferendis illum. Sint aliquam reprehenderit dignissimos.",,,taxable,,1,3400,,1,0,,,,,1,,,3.92,"Marketing Product > Flyers, Folded Leaflets","Magazine, Poster",,https://creativeprintarts.com/wp-content/uploads/2023/03/placeholder.jpeg,,,,,,,,,1827,,,,,,,,,,,,
47,"simple, virtual",i3488,,"Single-Color Paper Bags",-1,1,hidden,"Quis quo sed tempore temporibus nostrum quam omnis rerum. Voluptatem cum laudantium necessitatibus cupiditate omnis. Odio esse animi illo dignissimos. Facere dolor dignissimos voluptatem.","Repellat sit earum qui culpa vel consequatur aspernatur. Iure non doloremque culpa deserunt facilis fugiat. Est ipsam inventore ut ipsum voluptatem aut et. Quia et aut ea molestiae quis dolorem cum.\n\nInventore hic dolor consequatur doloribus ullam. Nostrum odit commodi omnis sed distinctio.\n\nEt libero similique amet voluptas odio minima soluta. In sit molestiae qui vero et non cumque cupiditate. Distinctio ex et aspernatur accusamus et ut. Perferendis illo sit nisi enim mollitia dolores consequatur.",,,taxable,,1,76,,notify,0,,,,,1,"Et at consequuntur voluptatem commodi. Culpa magni dolore voluptatum tenetur.",,15.5,"Marketing Product > Flyers, Folded Leaflets, Packaging, Stickers","Magazine, Poster",,https://creativeprintarts.com/wp-content/uploads/2023/03/placeholder.jpeg,,,,,,,,,8284,,,,,,,,,,,,
50,simple,r3289,,"Elevate Nanaimo Men's T-Shirt",-1,0,hidden,"Unde est omnis ut qui expedita voluptatum et placeat. Autem necessitatibus libero assumenda quo reprehenderit id quidem. Pariatur mollitia quo qui nihil. Sit voluptas perspiciatis ut enim.","Nesciunt excepturi sit itaque. Modi consequatur qui quisquam enim iusto sed. Minima rem perspiciatis saepe provident deleniti sunt dolores. Ad corporis eius culpa ex expedita consequatur.\n\nTenetur odio harum modi cumque ipsa at illo ut. Et quaerat aut voluptatem reprehenderit. Libero a veritatis voluptate ut repudiandae. Ut dolorem molestiae id consequuntur quidem. Quis saepe temporibus vel in nisi molestias molestiae.\n\nOdio deleniti architecto excepturi dolores non. Neque aliquam ab placeat minus alias ut. Laboriosam sed exercitationem ipsa rerum. Beatae eveniet distinctio numquam est quaerat repellendus fugiat. Sed quaerat cum numquam et eaque.\n\nQuia sed ipsam et sed voluptatem. Distinctio ut sequi similique officiis dolorem. Rerum sit minima natus illo officiis distinctio. Ullam laborum et quibusdam quia quia aspernatur.\n\nVero optio consectetur sint. Maiores amet cumque et et praesentium in maxime. Assumenda eum nulla et dolor. Dolorum sit alias consequuntur fugit vitae beatae iste.",,,taxable,,1,64,,notify,0,57,81,115,70,1,,,6.61,Stickers,"Magazine, Poster",,https://creativeprintarts.com/wp-content/uploads/2023/03/placeholder.jpeg,,,,,,"i3488, h3879",,,7094,,,,,,,,,,,,
52,simple,a9543,,"Plain Postal Boxes",-1,1,hidden,"Nostrum ipsa id alias eos. Et iste est qui quaerat. Necessitatibus quibusdam est autem quis nisi.","Debitis illum id dolorum provident asperiores velit nobis. Provident a in quis autem. Blanditiis pariatur minus animi ducimus totam autem expedita exercitationem.\n\nTotam rerum qui laborum consequatur atque quae sunt. Necessitatibus libero id sit quia libero ex animi. Ullam quasi animi facilis nostrum vel. Qui magni sed voluptas minus esse voluptas.",,,taxable,,1,,,0,0,78,99,37,11,1,"Amet omnis totam autem quod ea id. Qui quaerat natus facere voluptatem. Voluptatem voluptatibus est sed et ullam commodi dolore.",7.41,9.67,Packaging,"Magazine, Poster",,https://creativeprintarts.com/wp-content/uploads/2023/03/placeholder.jpeg,,,,,,"h3879, r3289",,,5454,,,,,,,,,,,,
54,"simple, virtual",s36192,,"Supplement Bottle Mockup",-1,1,hidden,"Quidem accusamus sed temporibus debitis dolore. Laborum repellendus qui quasi deleniti. Omnis perferendis dicta nemo eveniet dolorem iste ipsa.","Sequi neque omnis quo quisquam quod. Expedita et suscipit nihil sint repudiandae ducimus. Dolores voluptas sed et est quas.\n\nDolorum earum sed veniam ea et commodi. At sapiente officia libero libero. Molestiae illum id nihil odit. Quaerat numquam dicta quibusdam tempora quod inventore provident voluptatibus.",,,taxable,,1,4800,,1,0,,,,,1,,,12.08,"Packaging, Placemats, Stickers","Magazine, Poster",,https://creativeprintarts.com/wp-content/uploads/2023/03/placeholder.jpeg,,,,,,"r3289, h3879",,,8002,,,,,,,,,,,,
56,simple,p8970,,"Personalised Postal Boxes",-1,1,hidden,"Aut aliquam voluptatem voluptas quia aut neque. Amet molestiae quis deserunt voluptatibus non rerum. Qui qui assumenda cupiditate iure dolorem.","A eos aliquam a libero tempora. Incidunt suscipit beatae quam praesentium soluta consequatur repudiandae. Recusandae quia ducimus sed. Voluptas aut dolores molestias natus.\n\nAmet quisquam voluptatem repellat autem voluptatibus reprehenderit vitae omnis. Culpa expedita perferendis error odit vitae nihil. Repellat natus voluptate repudiandae vitae. Nihil quo labore inventore numquam labore est at laboriosam. Sit ipsa corrupti beatae voluptas.",,,taxable,,1,,,0,0,178,114,164,69,1,,8.84,10.24,Packaging,"Magazine, Poster",,https://creativeprintarts.com/wp-content/uploads/2023/03/placeholder.jpeg,,,,,,s36192,,,2679,,,,,,,,,,,,
59,simple,e2219,,"Shipping Boxes",-1,0,hidden,"Id quidem beatae iste iusto libero aut. Iure non distinctio et dolor et omnis cumque. Illo adipisci dignissimos dolor quis. Ut et ut libero placeat reiciendis aut optio.","Eaque dolor autem porro qui rerum occaecati aut. Voluptates ullam voluptatem impedit ut. Aut ipsa est aut aperiam. Molestiae aut nemo nihil iure eius sapiente illo.\n\nModi eligendi itaque dolore numquam pariatur omnis laudantium. Ea reiciendis aspernatur qui sequi harum debitis. Est enim voluptatibus vero ex in cum.\n\nEst natus exercitationem ut non alias error. Voluptatem aut in non nam est ratione eos. Error laborum repudiandae deleniti quisquam asperiores. Dolore aut dolor ea.\n\nDebitis ut et ut. Quia voluptas unde voluptatum quis odio rerum eveniet ut. Ut dolorem praesentium rerum iste aut perspiciatis.",,,taxable,,1,65,,notify,1,16,29,25,122,1,"Suscipit reprehenderit harum ad et et. Repellendus blanditiis dicta tenetur voluptatem omnis voluptatem quia.",,6.68,Packaging,"Magazine, Poster",,https://creativeprintarts.com/wp-content/uploads/2023/03/placeholder.jpeg,,,,,,"r3289, h3879, i3488, s36192, p8970",,,2967,,,,,,,,,,,,
62,"simple, virtual",g5291,,"Swing Tags",-1,0,hidden,"Ea et optio natus consequuntur nostrum aut voluptas. Totam praesentium et aliquid labore. Quia voluptatem aut aut rerum aliquam ullam deleniti voluptates. Reprehenderit aliquid quasi voluptas.","Iusto vero amet illum aut nisi non aut soluta. Sit quae esse magni impedit molestiae qui. Nesciunt aut numquam non dolores sunt totam. Qui dolore occaecati non et ducimus recusandae molestiae.\n\nEst consequatur optio numquam sit et itaque. Nostrum alias rem ut incidunt non omnis ullam. Nostrum cum quo cupiditate consectetur labore distinctio doloribus sit.\n\nEt nihil quis adipisci officia aut cumque laborum perferendis. Temporibus blanditiis ipsum ex deleniti. Quia non sed adipisci explicabo sed ab optio. Aspernatur quidem et deserunt nesciunt beatae.\n\nCum ullam culpa eos. Nesciunt soluta nostrum similique porro numquam laborum. Rerum pariatur quisquam in laborum reprehenderit consectetur. Est autem dolores qui ut aspernatur. Soluta consectetur atque et sapiente et deleniti consequuntur.",,,taxable,,1,,,0,1,,,,,1,,20.59,21.78,"Marketing Product > Flyers, Folded Leaflets, Stickers","Magazine, Poster",,https://creativeprintarts.com/wp-content/uploads/2023/03/placeholder.jpeg,,,,,,,,,644,,,,,,,,,,,,
64,simple,f65286,,"Promo Trucker Hat",-1,1,hidden,"Rerum in laudantium asperiores quaerat quod ex molestiae occaecati. Est inventore quasi quae quas velit fugit nihil. In nam consequatur sit quia non.","Sed harum quia expedita voluptatem. Consectetur voluptatem est architecto aliquid placeat sed sed. Quidem fuga atque officia aut sed. Quia dicta enim aut fuga magnam.\n\nQuis ipsa voluptatem eligendi veniam corrupti. Expedita aliquam necessitatibus inventore aut modi qui. Vero ipsum sit dolorem impedit quidem omnis aut.\n\nAut eveniet ut adipisci possimus. Consequatur impedit voluptatem laborum et amet aut ullam quos. Ipsam ipsam recusandae et quisquam perspiciatis.",,,taxable,,1,76,,0,0,43,82,188,181,1,,6.74,7.66,Stickers,"Magazine, Poster",,https://creativeprintarts.com/wp-content/uploads/2023/03/placeholder.jpeg,,,,,,,,,6535,,,,,,,,,,,,
67,"simple, virtual",l26521,,"Food Packaging Labels",-1,1,hidden,"Blanditiis sed quod aperiam nam iure aut error. Voluptatem molestiae repudiandae accusantium saepe sunt consequatur quia.","Et et quo aut corrupti neque animi quo at. Hic nemo in soluta voluptatum velit. Quaerat sed eos officiis quas. Aut sit dolore qui facere et.\n\nNihil ratione non natus eius ab et iure. Ut perspiciatis adipisci non id fuga. Veniam minima voluptate praesentium perspiciatis qui nobis quo harum.\n\nVoluptatem autem nesciunt consectetur cumque. Et odit error exercitationem vero nisi. Veritatis corrupti quia et cum quidem ut.\n\nItaque aperiam mollitia molestiae aut reiciendis. Quo consequatur et in dolorum ducimus et.",,,taxable,,1,,,0,1,,,,,1,"Amet eos corporis rerum incidunt sit eos sapiente. Consequatur et reiciendis aliquid rerum. Aliquam praesentium cumque vel similique nemo in.",,11.15,"Packaging, Stickers","Magazine, Poster",,https://creativeprintarts.com/wp-content/uploads/2023/03/placeholder.jpeg,,,,,,,,,824,,,,,,,,,,,,
69,"simple, virtual",s6362,,"Paper cups food",-1,1,hidden,"Quibusdam velit minus error non blanditiis. Nesciunt qui fugit eveniet dolorem ut quos est. Incidunt id aliquam voluptas rerum. Porro magnam dolorem cumque voluptatem dolor.","Excepturi quo illum voluptas sed minus. Totam at voluptate illum quo vitae a. Accusantium debitis reiciendis exercitationem dolorem. Ipsum dolor necessitatibus non explicabo laborum quidem et. Molestiae enim ut laboriosam animi corrupti.",,,taxable,,1,213,,1,0,,,,,1,,6.42,8.44,Stickers,"Magazine, Poster",,https://creativeprintarts.com/wp-content/uploads/2023/03/placeholder.jpeg,,,,,,"p8970, g5291, h3879, s36192, e2219",,,8977,,,,,,,,,,,,
71,"simple, virtual",e7222,,"Ceramic Takeaway Cup",-1,0,hidden,"Porro dolores debitis tempore autem magni. Rerum quas rerum esse dolorem. Id nam aut harum.","Quisquam omnis aut dignissimos commodi vero perferendis dolor. Quas cum est in enim. Amet voluptatem iusto necessitatibus culpa perspiciatis deleniti dignissimos. Illum pariatur sit alias at libero et aut.\n\nQuis iure illo quam non adipisci et. Nobis in et dolorum aliquid. Voluptas cupiditate nisi expedita eum rem cupiditate sit.\n\nAliquid non quia optio officia. Autem delectus beatae sit quia nihil perferendis fuga cupiditate. Fugiat repellat ad ipsa nemo delectus et numquam est. Aperiam dolor officia fuga adipisci doloribus sit magnam.",,,taxable,,1,628,,1,0,,,,,1,,24.09,56.54,Stickers,"Magazine, Poster",,https://creativeprintarts.com/wp-content/uploads/2023/03/placeholder.jpeg,,,,,,i3488,,,2442,,,,,,,,,,,,
73,"simple, virtual",s9172,,"Poster Calendars",-1,1,hidden,"Similique velit vitae esse placeat reiciendis. Sit saepe laudantium corrupti deleniti porro non. Unde quas eaque officiis qui.","Ducimus omnis voluptas necessitatibus hic corporis sit dicta. Delectus suscipit laboriosam expedita ad nihil omnis. Necessitatibus corrupti vel reiciendis eaque.\n\nAut quo sunt aperiam quos. Quia in repellat ab illo unde. Exercitationem itaque et nesciunt similique voluptates. Quibusdam impedit quis cumque rerum.\n\nEum veritatis delectus quisquam ipsam commodi tempora sequi. Totam impedit eos vitae quis quas. Consequuntur reiciendis est tempora sint et veniam.",,,taxable,,1,76,,1,0,,,,,1,"Maiores quam temporibus nobis ea id. Sed aut voluptatem sunt magnam nam atque. Ut accusamus perferendis quae ad est.",,14.11,Calendars,"Magazine, Poster",,https://creativeprintarts.com/wp-content/uploads/2023/03/placeholder.jpeg,,,,,,"g5291, a9543, f65286, s6362",,,9886,,,,,,,,,,,,
76,"simple, virtual",e4857,,"Notebook mockup",-1,0,hidden,"Commodi incidunt facilis maiores non molestias eos. Tenetur fuga consequuntur molestias consequatur nam vero.","Et culpa quis quo et esse nihil beatae. In in occaecati natus odit eveniet voluptatem quia. Reprehenderit vel et sapiente et placeat sit. Aut possimus eligendi quo ea rerum qui. Ab et dolorum quas rerum quaerat dolores.\n\nReiciendis est rem fugit voluptatem dolor. Amet qui minus ipsa dolor consequatur temporibus. Velit natus eius tempore quia sequi. Nobis accusamus quisquam tempora in odio rerum.\n\nEligendi et et consequatur excepturi hic et ut. Corrupti labore earum maxime neque ex deleniti asperiores. Optio sit velit maxime magni. Dicta veritatis officiis quia.",,,taxable,,1,,,0,0,,,,,1,,13.06,16.18,"Brochures & Catalogues","Magazine, Poster",,https://creativeprintarts.com/wp-content/uploads/2023/03/placeholder.jpeg,,,,,,"a9543, f65286, g5291, e7222",,,3909,,,,,,,,,,,,
78,"simple, virtual",s7839,,"Double-Sided Roller Banners",-1,1,hidden,"Cupiditate ratione rerum ducimus numquam est. Aut et dolor quis cumque ut alias aut nulla. Ratione qui quisquam aut cupiditate et sit. Expedita laudantium occaecati nam itaque.","Dolorem autem modi dolores itaque. Ut provident quasi quia voluptas sed tenetur. Suscipit omnis dolorum sunt iusto nemo.",,,taxable,,1,,,0,0,,,,,1,,,38.74,"Posters & Ad Posters, Presentation Folders, Roller Banners","Magazine, Poster",,https://creativeprintarts.com/wp-content/uploads/2023/03/placeholder.jpeg,,,,,,"f65286, s9172, h3879",,,2516,,,,,,,,,,,,
80,simple,r1962,,"Matte Business Cards",-1,1,hidden,"Voluptate non est nemo architecto eaque rem eveniet. Aut aspernatur odio sit sed ex necessitatibus aut. Consequatur eius voluptas sapiente voluptatum. Sed ratione fugiat est eius dolores ut et.","Ut ipsum sint voluptas voluptas at modi. Animi maxime est nostrum velit ut harum neque. Esse nostrum dolores sapiente sit. Tempore ullam perferendis quas.\n\nNobis et ratione totam laborum sit eligendi. Blanditiis voluptatem vel qui. Odio libero error dolorem quas aut minima.",,,taxable,,1,,,0,0,177,2,122,51,1,"Ab quos vero eos et recusandae. Quam vel blanditiis aut aut dolorem deleniti. Consequatur culpa velit autem architecto. Ut sit veniam quas cum molestiae.",,7.41,"Business Cards, Greeting Cards","Magazine, Poster",,https://creativeprintarts.com/wp-content/uploads/2023/03/placeholder.jpeg,,,,,,e7222,,,6777,,,,,,,,,,,,
82,simple,f6965,,"Stapled Booklets",-1,0,hidden,"Perferendis perspiciatis reiciendis sed distinctio eveniet occaecati veritatis adipisci. At earum laudantium qui ut placeat doloremque cupiditate. Eum repellat deleniti ut perspiciatis.","Qui ad placeat vitae dolorem ut ut incidunt. Dolor esse illo neque sunt modi illo. Alias ipsa quisquam voluptas laboriosam aperiam quia ea consequuntur. Quae voluptates voluptates facere velit quas omnis.\n\nEius sed mollitia ipsam fugit ab culpa sit rerum. A magnam dolor dolorem est. Adipisci dolores qui sunt suscipit.\n\nIste eum suscipit dolores velit iusto voluptatem unde eos. Natus voluptatem quos deserunt nihil reiciendis. Et ipsam ratione commodi sint.\n\nMaiores laborum velit quae enim. Aliquid ipsum esse ad ad. Ut voluptate aut reprehenderit temporibus. Voluptas et cumque provident rem.\n\nQuaerat iure porro recusandae qui repellat. Voluptas quos libero quam et. Vel odit voluptatem quam iste aliquid rerum.",,,taxable,,1,555,,notify,0,130,13,83,30,1,"Quisquam nostrum asperiores aut sint quas quas iusto. Rerum illo hic nobis qui. Consequatur sint omnis aut alias accusantium aliquam. Accusamus ea rem voluptate consequatur.",,72.23,"Folded Leaflets, Presentation Folders","Magazine, Poster",,https://creativeprintarts.com/wp-content/uploads/2023/03/placeholder.jpeg,,,,,,,,,8936,,,,,,,,,,,,
84,simple,P2080,,"Square Business Cards",-1,1,hidden,"Et velit et saepe dignissimos. Occaecati omnis eaque ipsa ut. Et doloremque illo quis sed iure. Et aut velit iste accusamus.","Nihil atque suscipit est eum aspernatur alias. Sint ab expedita id quia unde. Esse ea eveniet quod quis.",,,taxable,,1,100,,0,0,46,178,44,61,1,,,40.13,"Business Cards, Letterheads, Notepads, Postcards","Magazine, Poster",,https://creativeprintarts.com/wp-content/uploads/2023/03/placeholder.jpeg,,,,,,"g5291, e4857, a9543",,,2086,,,,,,,,,,,,
86,simple,P70762,,"Poster mockup",-1,1,hidden,"Quia numquam non dolore unde placeat repellendus rerum. Quo recusandae non officia voluptatibus sed. Ut et quis adipisci qui itaque perferendis. Et id laboriosam vel distinctio esse ut ea.","Eligendi velit sed esse quisquam sapiente et. Eveniet et illo at et. Consequatur temporibus aperiam non. Dolor incidunt quo quia unde voluptatem.\n\nMaiores sed et molestiae perspiciatis eos voluptas. Autem a ut sapiente a voluptas accusantium qui. Eos repudiandae omnis modi esse in.\n\nAutem ut ad voluptas aut sunt. Repudiandae pariatur exercitationem commodi veritatis neque sint magnam sit. Ab iure libero perspiciatis dolorem.\n\nMagnam explicabo omnis sapiente cupiditate delectus nihil dolor. Sit necessitatibus sit aut quam quia. Rerum molestiae illo labore. Mollitia delectus excepturi sunt eius culpa sapiente perferendis.",,,taxable,,1,26,,1,0,95,130,74,50,1,,,41.41,"Letterheads, Notepads, Postcards, Posters & Ad Posters, Presentation Folders","Magazine, Poster",,https://creativeprintarts.com/wp-content/uploads/2023/03/placeholder.jpeg,,,,,,"s6362, r1962, e2219, a9543",,,3589,,,,,,,,,,,,
88,"simple, virtual",M4024,,"Poster Bill Board Mockup",-1,1,hidden,"Nulla at non magnam magni tempore. Dolor eius architecto est deleniti est. Mollitia voluptatem quia repellendus natus dolore odit.","Eum perspiciatis veniam vel dolor dolores eveniet. Blanditiis est architecto nulla nobis est neque. Fuga voluptatem iste eius. Omnis at magni accusamus ipsam molestiae sint itaque.\n\nArchitecto cumque et aut illum eos. Et tempore qui praesentium modi veritatis odio et.\n\nIpsam eius sed esse libero eos. Mollitia voluptates ullam repellat voluptate. Unde dignissimos expedita hic consectetur. Accusamus recusandae sed sit.",,,taxable,,1,,,0,0,,,,,1,"Nemo distinctio qui iure ad quia ut. Autem quis omnis adipisci voluptatum voluptatem. Quia sunt quis et numquam ipsum velit. Ut maiores cumque ut repudiandae laudantium consequatur laboriosam.",40.9,43.95,"Letterheads, Notepads, Postcards, Posters & Ad Posters","Magazine, Poster",,https://creativeprintarts.com/wp-content/uploads/2023/03/placeholder.jpeg,,,,,,,,,6688,,,,,,,,,,,,
90,simple,S8277,,"Single-Pocket Folders",-1,1,hidden,"Nulla deserunt aliquid aut vero et. Assumenda expedita harum recusandae et et. Dolor iusto quis voluptatem asperiores at. Commodi voluptates voluptatum odit sapiente doloremque sint.","Qui ea magni non aut dignissimos culpa. Est qui architecto eius aperiam quas itaque et excepturi. Reprehenderit et numquam necessitatibus amet consequuntur doloribus vel. Molestiae tempore voluptas ut et sit optio.\n\nIncidunt voluptatem nesciunt sed et impedit. Eum illum sint aperiam ut. Vel nihil officiis in rerum perferendis saepe et. Et non voluptates sit consequatur doloribus sit pariatur.\n\nLaudantium et fuga ipsum ab qui. Et et recusandae consequuntur ut. Similique ea hic et aut voluptate iusto. Accusantium et ut odio et.\n\nUt eum fugit dolores enim cum. Sapiente labore culpa reprehenderit. Voluptatum rerum deserunt consequuntur quo autem doloremque. Porro vel adipisci nam adipisci exercitationem.",,,taxable,,1,285,,0,0,18,100,149,7,1,"Est placeat rerum dolor ipsum aperiam. Quia voluptas autem temporibus sunt. Dolorum sed voluptas nemo inventore placeat adipisci voluptas facere. Qui facilis ratione qui rem. Porro iste sed ut.",,19.46,"Marketing Product > Flyers, Folded Leaflets, Posters & Ad Posters, Presentation Folders","Cup, Magazine, Poster, T-shirt",,https://creativeprintarts.com/wp-content/uploads/2023/03/placeholder.jpeg,,,,,,s36192,,,7173,,,,,,,,,,,,
92,"simple, virtual",G21445,,"Presentation Folders",-1,1,hidden,"Et consequatur quia pariatur quod qui provident. Est culpa voluptatem qui quidem ut vel sunt. Velit natus voluptates exercitationem enim.","Aut vel repudiandae quisquam ex. Quo dolorem rem dolorem architecto. Fugiat eius quibusdam quod et. Et quisquam dicta culpa.\n\nAccusamus aut rerum reprehenderit dignissimos vel deserunt consectetur. Molestiae totam et omnis quia ex. Illo voluptatum dolor et. Dolorem velit saepe expedita consequatur.\n\nMagnam et et repudiandae nemo. Aut asperiores labore perferendis quia veniam sed.\n\nVitae quibusdam necessitatibus dolorem reprehenderit et. Aut eligendi sed asperiores hic. Atque adipisci molestias molestiae alias et.",,,taxable,,1,,,0,0,,,,,1,,,12.96,"Marketing Product > Flyers, Folded Leaflets, Posters & Ad Posters, Presentation Folders","Cup, Magazine, Poster, T-shirt",,https://creativeprintarts.com/wp-content/uploads/2023/03/placeholder.jpeg,,,,,,"a9543, l26521, s9172",,,6742,,,,,,,,,,,,
94,simple,L2298,,"Custom Flyers & Leaflets",-1,0,hidden,"Maiores non nobis fuga qui nam dignissimos ut. Et nulla qui rerum commodi expedita nobis. Magnam reiciendis quibusdam ut et et labore quia.","Error placeat dolorum mollitia saepe quaerat. Reiciendis autem expedita placeat ut. Voluptatibus consequatur aut ut nisi eaque error. Ipsa ad natus ut et laborum.\n\nQuo fugit eos commodi rerum ducimus dicta non. Perferendis ut ea animi consequatur nisi. Est a maxime cumque repellendus qui doloribus aut commodi.\n\nRepellendus eveniet excepturi corrupti ea quos. Est sed aut quod aut quia ipsam. Quo aut natus esse cum pariatur ratione. Rerum voluptate molestiae atque ex error.\n\nSequi veniam voluptates consequuntur quia. Sit quia dolorem voluptas eaque quod suscipit iusto. Provident eum ut alias. Aspernatur nihil vel voluptates.\n\nVel ipsam delectus inventore ut quae molestiae nisi. Repellat maxime unde quia vel reiciendis ipsum minus corrupti.",,,taxable,,1,665,,0,0,162,165,8,168,1,,13.25,14.19,"Marketing Product > Flyers, Posters & Ad Posters, Presentation Folders","Cup, Magazine, Poster, T-shirt",,https://creativeprintarts.com/wp-content/uploads/2023/03/placeholder.jpeg,,,,,,f65286,,,5240,,,,,,,,,,,,
96,simple,lP3827,,"Flexible Packaging",-1,1,hidden,"Vel nisi aut rem sequi soluta deserunt est eius. Sapiente earum id nostrum dicta ut architecto nihil. Voluptate maiores autem quia et in voluptas inventore. Aliquam rerum eaque vero quas voluptatem.","Laborum impedit animi velit aut omnis omnis. Quo quia odio exercitationem ea eos ratione. Eligendi quisquam praesentium est odio aspernatur et.\n\nDoloremque blanditiis exercitationem dolorum possimus totam. A architecto sapiente quia id aut expedita. Qui cupiditate ut officiis at occaecati. Fugit sunt error voluptatem reiciendis iusto aut.\n\nMolestiae non id totam consectetur quia quos aliquam. Rem aut tenetur dolorem culpa ipsum inventore vitae. Non tenetur voluptatum accusamus numquam eaque labore. Voluptate et deserunt non pariatur dolores neque.\n\nVoluptatum id aut aut. Est laboriosam recusandae provident consequuntur. Animi beatae nesciunt quis perferendis facere dolores soluta. Explicabo perferendis reiciendis cupiditate vel.\n\nEt et dolor ea ex illo voluptate. Et ea et minima. Occaecati explicabo aut eaque. Suscipit dolores dolorem at sit dicta autem.",,,taxable,,1,,,0,0,53,177,156,100,1,,,6.8,Packaging,"Cup, Magazine, Poster, T-shirt",,https://creativeprintarts.com/wp-content/uploads/2023/03/placeholder.jpeg,,,,,,,,,9499,,,,,,,,,,,,
98,simple,B3880,,"Business Card Stickers",-1,0,hidden,"Soluta est praesentium suscipit quis aut qui. Quas quia et necessitatibus. Quod ipsum voluptas voluptas enim magni libero eaque. Quia eligendi fugiat dolore.","Sint aspernatur sed voluptatem. Sit perspiciatis ullam ab consectetur velit. Architecto eos magnam ad qui aut enim vitae quisquam. Vitae rerum omnis eos recusandae harum non quam et.\n\nAut animi dolorem exercitationem consequatur aperiam architecto assumenda minus. Aut officiis vel ea aperiam consequatur tenetur. Facilis vel amet impedit ipsa. Quo iusto et iste illo voluptatibus molestias.\n\nQuidem eum quia quasi deleniti. Et iste quia quis eveniet tempore blanditiis quo. Dolorum adipisci voluptatum eligendi nihil aut expedita.\n\nHic natus atque ipsum est odit impedit. Quos autem porro dolore qui nobis. In reprehenderit velit nemo.",,,taxable,,1,2222,,0,0,176,141,58,73,1,,7.09,7.64,"Business Cards, Greeting Cards","Cup, Magazine, Poster, T-shirt",,https://creativeprintarts.com/wp-content/uploads/2023/03/placeholder.jpeg,,,,,,"lP3827, p8970, e4857",,,5726,,,,,,,,,,,,
100,"simple, virtual",T3240,,"CottoVer Women's T-shirt",-1,0,hidden,"Quis vel neque aut in. Corporis qui sed dolorem autem minima accusamus porro modi. Quia enim est repellat praesentium.","Eligendi sed id voluptatem et. Veritatis eveniet veniam provident quam. Fugit repellendus perspiciatis quam est repellat inventore. Eveniet sunt fuga molestiae accusamus.\n\nNihil qui dolores laudantium incidunt fuga a. Recusandae dolor sequi rerum qui velit. Beatae quidem necessitatibus ut totam. Et sunt quae ullam.",,,taxable,,1,,,0,0,,,,,1,,,14.98,"Brochures & Catalogues, Stickers","Cup, Magazine, Poster, T-shirt",,https://creativeprintarts.com/wp-content/uploads/2023/03/placeholder.jpeg,,,,,,"s6362, P70762, g5291, S8277",,,2981,,,,,,,,,,,,
102,"simple, virtual",T001,,"CottoVer Men's T-shirt",-1,0,hidden,"Quis iure praesentium accusantium cumque qui rerum voluptatum. Est mollitia repellendus veritatis ipsum voluptate et. Reprehenderit corrupti sit illum. Nisi quasi et id eveniet.","Voluptates et beatae qui provident voluptatum voluptatem ab. Voluptate dolores harum numquam ut vero hic. Perspiciatis fugit maxime ut autem autem ut esse.\n\nConsequuntur fuga ipsa tempore distinctio blanditiis praesentium. Officia unde quo natus pariatur. Vel illo architecto eos consequatur itaque minus.",,,taxable,,1,20,,1,0,,,,,1,,8,9,"Brochures & Catalogues, Stickers","Banner, Business Card, Calendar, Cup, Magazine, Poster, T-shirt",,https://creativeprintarts.com/wp-content/uploads/2023/03/placeholder.jpeg,,,,,,"S8277, e4857, r3289, p8970",,,7772,,,,,,,,,,,,
104,variable,CAP_001,,"Promo Trucker Hat",-1,0,hidden,"Minus voluptate modi alias quo. Magnam laborum repudiandae ut accusantium autem sequi. Pariatur qui omnis optio aliquid praesentium necessitatibus repudiandae explicabo.","Dolores ex eos ut voluptatem voluptas qui. Accusamus enim ex sint. Distinctio hic molestiae recusandae esse eveniet est quo tempore. Beatae nobis temporibus ducimus labore quidem voluptatum nemo velit. Illum ut voluptates atque accusamus molestiae optio.\n\nNemo blanditiis laudantium optio impedit natus illum. Laborum in necessitatibus labore ducimus. Vero ea sed architecto voluptatem nemo nostrum atque.",,,taxable,,0,,,0,0,,,,,1,"Autem assumenda laborum autem cupiditate sunt. Quod cupiditate commodi repellat est quaerat. Est quia id quia consequatur illum.",,,"Brochures & Catalogues, Stickers","Banner, Business Card, Calendar",,https://creativeprintarts.com/wp-content/uploads/2023/03/placeholder.jpeg,,,,,,"r3289, P2080, l26521, e4857",,,266,,,color,"Blue yonder, Lemon curry, Lightseagreen",1,1,"Blue yonder",size,"L, M, S",1,1,S
106,"simple, virtual",T6630,,"Apparel Princess T-Shirt",-1,0,hidden,"Itaque aut enim odio labore doloremque. Officia unde quia cumque a dignissimos ad. Odit aut iste expedita ratione corrupti harum labore. Voluptatem expedita quis asperiores culpa iste quia tempora.","Aut nemo nihil doloribus. Tempora quibusdam aut voluptatem officia reprehenderit libero asperiores. Eos sit ad consectetur eos.\n\nEt explicabo impedit veniam illum fuga omnis totam. Voluptates aut minima qui non consectetur atque. Numquam et est ullam assumenda harum reprehenderit dolorem nam.\n\nMollitia quo autem ratione aut. Alias accusamus velit error eius. Ratione amet est alias. Porro id odio cum sed explicabo aut.\n\nAlias reprehenderit dolorem ut qui iure illum in. Accusantium nihil sit alias autem occaecati consequuntur et. Illum minima ut provident eum consectetur eum.",,,taxable,,1,,,0,0,,,,,1,"Incidunt sit error voluptatem quo quia delectus. Quia porro et minus cumque atque libero. Ut molestiae aut optio.",,11.09,Stickers,"Cup, Magazine, Poster, T-shirt",,https://creativeprintarts.com/wp-content/uploads/2023/03/placeholder.jpeg,,,,,,"B3880, s7839, r3289, T001, g5291",,,7596,,,,,,,,,,,,
108,simple,T3795,,"Sleeve Pocket T-Shirt",-1,0,hidden,"Sit illum nam voluptas delectus doloremque omnis doloremque. Quia vel facilis et ut repellendus odio. Tempora minus itaque beatae pariatur cum voluptate sunt nam.","In voluptatem asperiores at eos consequatur velit eaque. Consequatur rerum iure commodi ex expedita hic numquam. Maiores earum sint et iusto minima aspernatur quis.\n\nConsectetur et placeat in assumenda et dolorem. Culpa iure repellat qui. Aliquam voluptas et inventore similique.\n\nImpedit sed consequatur et fugiat et. Est eaque deleniti consequatur nobis cupiditate consequatur. Vel eligendi architecto impedit doloribus voluptates quod doloremque.\n\nQuas rerum nostrum aliquid quibusdam maxime quisquam. Laborum rerum quidem aliquam distinctio ullam. Molestias aut et aut sit quam accusamus repellendus.\n\nInventore placeat laboriosam eligendi deserunt. Veritatis esse sed illo vel blanditiis eos numquam aut. Enim in officiis aut rem adipisci libero. Veniam rerum eum labore in aut sequi perspiciatis.",,,taxable,,1,,,0,0,38,150,13,44,1,,,10.02,Stickers,"Cup, Magazine, Poster, T-shirt",,https://creativeprintarts.com/wp-content/uploads/2023/03/placeholder.jpeg,,,,,,"s6362, p8970",,,6620,,,,,,,,,,,,
110,grouped,T3105,,"Sleeve Baseball T-shirt",-1,1,hidden,"Dolor saepe error labore voluptas. Et dolor in beatae. Perspiciatis maiores assumenda adipisci nisi autem. Dolores non repellendus et eum.","Debitis ipsam corporis cupiditate iste sequi ut quia. Ratione et quia libero libero. Non error corrupti similique libero ullam qui quis vero. Deserunt dolores eius enim amet sit fuga omnis.\n\nEx iusto nihil ut facilis. Ratione numquam numquam veritatis possimus sit architecto. Unde et ab quidem aperiam.\n\nPerferendis dignissimos rerum quidem ipsa ut. Error dolorem quam deleniti. Nemo autem ut laborum error voluptatibus. Itaque laudantium at voluptate nisi incidunt blanditiis.\n\nDignissimos aut blanditiis qui maxime rem et. Voluptas accusantium aut eligendi consequuntur similique. Animi velit iste provident deserunt iste.",,,taxable,,1,,,0,0,189,120,124,94,1,"Accusamus eaque sit qui quia est temporibus inventore aut. Pariatur impedit occaecati illo distinctio ratione. Exercitationem consequatur quae et et aut.",,,Stickers,"Cup, Magazine, Poster, T-shirt",,https://creativeprintarts.com/wp-content/uploads/2023/03/placeholder.jpeg,,,,"T3795, T6630",,l26521,,,7977,,,,,,,,,,,,
112,variable,C7775,,"Printed Baseball Cap",-1,1,hidden,"Itaque dolorem rerum eaque sed dicta. Repudiandae quisquam nostrum enim ea. Quia culpa voluptatibus aut sint repellat possimus. Amet ratione voluptas officiis dolores aut.","Ut hic qui a repellat. Et nam reprehenderit vitae qui ut numquam et dolore. Ea culpa aliquam maiores quis qui reprehenderit ipsum. Omnis est consequatur molestias non voluptatum exercitationem blanditiis.\n\nVel nulla neque quidem non fugit. Nesciunt adipisci sunt molestiae fugit qui. A est quis alias recusandae ea consequatur molestiae.\n\nVel consequatur hic dolor sit itaque fuga pariatur. In sunt nulla officia blanditiis perferendis sit quam consequatur. Qui enim consectetur expedita. Consequatur rem omnis consectetur.",,,taxable,,backorder,0,,1,0,140,76,112,72,1,,,,Stickers,"Cup, Magazine, Poster, T-shirt",,https://creativeprintarts.com/wp-content/uploads/2023/03/placeholder.jpeg,,,,,,"T3795, P70762, s7839, M4024, e4857",,,4120,,,color,"Black, Blue yonder, Lemon curry, Lightseagreen, Pink, Violet",1,1,Black,size,"L, M, S",1,1,L
114,"simple, virtual",B2558,,"Boxes with Handles",-1,1,hidden,"Reiciendis qui sit velit in. Magnam quidem qui enim doloribus rem esse cupiditate. Corporis qui ullam enim est itaque. Tempore sed sunt blanditiis soluta est fugiat voluptatibus.","Culpa delectus consequatur consequatur dolores adipisci nemo. Fuga id rem maxime voluptas ea provident veniam. Sapiente harum dolorum magni suscipit.",,,taxable,,1,8,,0,0,,,,,1,"Debitis accusantium consequatur saepe et. Rem dignissimos ut asperiores ut itaque. Aperiam aliquam quia harum magni.",,4.14,"Folded Leaflets, Packaging","Cup, Magazine, Poster, T-shirt",,https://creativeprintarts.com/wp-content/uploads/2023/03/placeholder.jpeg,,,,,,"s9172, lP3827",,,6445,,,,,,,,,,,,
116,"simple, virtual",F6766,,"Paper cups coffee",1,1,hidden,"Unde atque commodi consequuntur qui illo temporibus. Porro sit rerum harum aut sit. Qui unde voluptas soluta numquam illo unde. Qui dolores fugit officiis quam laborum sed et.","Quidem aliquam enim nulla cumque sit laborum. Rerum dolores odit dolores alias numquam vero rem. Nihil iusto voluptatum est omnis voluptates velit.",,,taxable,,1,448,,0,0,,,,,1,"Voluptatem maxime debitis non nobis esse. Magnam doloribus ea maiores natus eius ipsum.",,1.81,Packaging,"Cup, Magazine, Poster, T-shirt",,https://creativeprintarts.com/wp-content/uploads/2023/03/placeholder.jpeg,,,,,,"T3240, C7775",,,507,,,,,,,,,,,,
118,simple,L2070,,"Bullet Eugene calculator",-1,0,hidden,"Rem assumenda sunt at provident minus cumque. Eius eos officia expedita voluptates totam molestiae quibusdam assumenda. Iure reiciendis similique amet doloremque commodi illum enim repudiandae.","Facilis fugit praesentium autem sit et corrupti aspernatur. Enim doloremque ducimus sint sed itaque impedit explicabo beatae. Velit sunt voluptas illum doloremque sit consequatur est. Et distinctio reiciendis consequatur veniam. Voluptatem sapiente ut odit voluptas aut praesentium pariatur et.\n\nEt inventore quia est tempore. Odio exercitationem id aperiam nesciunt et non fuga saepe. Praesentium id sint non fuga possimus alias.",,,taxable,,1,222,,0,0,196,32,128,100,1,"Sunt accusantium dolorem impedit tempore et sed. Quis dolorem vel exercitationem. Temporibus ut id perspiciatis earum mollitia veniam iste.",,6.47,Calendars,"Cup, Magazine, Poster, T-shirt",,https://creativeprintarts.com/wp-content/uploads/2023/03/placeholder.jpeg,,,,,,,,,7974,,,,,,,,,,,,
120,"simple, virtual",E4376,,"Paper Cups",-1,0,hidden,"Soluta odio est nihil tempora qui. Eligendi esse aut dolorum a.","Porro eligendi ipsum suscipit velit odio laudantium non. Consequatur ab adipisci iste in recusandae. Ipsa nihil autem molestias similique error qui quibusdam in. Suscipit nam accusantium quod magni dolorum.\n\nIpsa fugit doloremque aliquam magnam ut quam ea. Commodi quibusdam laboriosam accusantium ea ad.\n\nRecusandae ipsam quia itaque nulla incidunt nisi consectetur animi. Consequuntur distinctio ea rerum quasi dolores veritatis est aut. Id labore fugiat quam eum minima est autem.",,,taxable,,1,15,,0,1,,,,,1,,5.00,6.14,Packaging,"Cup, Magazine, Poster, T-shirt",,https://creativeprintarts.com/wp-content/uploads/2023/03/placeholder.jpeg,,,,,,"h3879, T6630, a9543, s9172, CAP_001",,,8816,,,,,,,,,,,,
122,"simple, virtual",F0257,,"Food Packaging Labels",-1,0,hidden,"Neque enim veniam repellendus ut occaecati. Sunt assumenda odio fugit aperiam aperiam. Molestias quis et dolorem est eos hic. Totam veniam harum et iure. Et sapiente minima placeat quas.","Et quod voluptas perferendis. Occaecati tempore tempora consequatur et voluptatem labore ipsum. Placeat est et et hic voluptatem. Unde corrupti est asperiores non voluptatibus nostrum.\n\nQui natus voluptatem et natus possimus magni aliquid ipsam. Vel commodi eum aut. Voluptas consequatur sunt corporis. Quia voluptates reprehenderit quia earum.",,,taxable,,1,47,,0,0,,,,,1,"Alias vero ullam nihil sed dolor nostrum molestiae. Dicta dolore laborum aspernatur et et. Aut reiciendis et esse quo odio iure repudiandae tempora. Repudiandae nam quia quod mollitia ad quas.",,8.53,Packaging,"Cup, Magazine, Poster, T-shirt",,https://creativeprintarts.com/wp-content/uploads/2023/03/placeholder.jpeg,,,,,,"P70762, G21445, f65286, F6766, M4024",,,7830,,,,,,,,,,,,
124,"simple, virtual",M3531,,"Paper Bags",-1,0,hidden,"Aspernatur dignissimos nemo voluptate aliquam quos magnam qui aliquam. Perspiciatis consequatur atque quasi dolore. Doloribus dolorem dolorem voluptatem.","Architecto repellat est dolor corporis quis debitis. Repudiandae incidunt ipsa nihil nisi ad rerum provident. Ducimus exercitationem nesciunt quia architecto molestiae incidunt eveniet.\n\nEum soluta error quos nostrum. In excepturi facere molestias ex. Ex occaecati quis temporibus eos aperiam laborum quae. Id itaque ea asperiores omnis tempora fugiat.\n\nFuga quas repellendus placeat nam. Alias corrupti quasi at ducimus doloribus ipsa. Ut tempora accusantium et suscipit dolore odio.\n\nMinus sunt iure dolores. Consectetur et voluptas aspernatur ab fugiat eius. Eaque sequi explicabo impedit delectus libero. In dignissimos temporibus mollitia cupiditate.\n\nQui error sit iste iure aliquid est repudiandae. Ad nobis et reiciendis et nam sit vel.",,,taxable,,1,900,,0,1,,,,,1,,,2.92,Packaging,"Cup, Magazine, Poster, T-shirt",,https://creativeprintarts.com/wp-content/uploads/2023/03/placeholder.jpeg,,,,,,,,,2321,,,,,,,,,,,,
126,simple,H2939,,"Metallic Business Cards",-1,0,hidden,"Ab eligendi consequatur recusandae fuga qui mollitia aut velit. Sit aperiam sequi sed dolor dolorum non accusantium.","Necessitatibus modi ea et animi quaerat laudantium architecto. Quas sunt quia iusto ducimus quo modi quidem qui. Voluptatum quo facere eaque nisi reiciendis necessitatibus nemo.\n\nNon eos sit et eos provident accusantium saepe occaecati. Earum consectetur officiis recusandae molestiae.",,,taxable,,1,,,0,0,68,146,58,97,1,"Veritatis officia iure ullam nulla quaerat doloribus odio. Quia facere enim odit quas aut quisquam.",,7.25,"Business Cards","Cup, Magazine, Poster, T-shirt",,https://creativeprintarts.com/wp-content/uploads/2023/03/placeholder.jpeg,,,,,,,,,3591,,,,,,,,,,,,
128,simple,W0401,,"Wedding Invitations",-1,1,hidden,"Iusto incidunt dolorum dolore. Rerum iure aperiam iusto. Voluptate et ea provident possimus et et. Perferendis est ea quibusdam doloribus accusamus iste expedita.","Totam aut aut dolores voluptas ut voluptatibus tempora. Voluptas ipsa dolore voluptates suscipit. Saepe ea voluptatibus quia sit commodi blanditiis.\n\nMagni voluptatibus consectetur reprehenderit dolorem consequuntur. Quos nisi eos praesentium inventore necessitatibus eum voluptas. Eos animi quo non repudiandae.",,,taxable,,1,,,0,1,48,6,5,150,1,,,75.00,"Greeting Cards","Cup, Magazine, Poster, T-shirt",,https://creativeprintarts.com/wp-content/uploads/2023/03/placeholder.jpeg,,,,,,"r1962, g5291, s36192, lP3827",,,4105,,,,,,,,,,,,
6202,variation,,,"Promo Trucker Hat - Blue yonder, L",-1,0,hidden,,,,,taxable,parent,1,,,0,0,,,,,0,,,,,,,,,,CAP_001,,,"r3289, P2080, l26521, e4857",,,1,,,color,"Blue yonder",,1,,size,L,,1,
6203,variation,,,"Promo Trucker Hat - Blue yonder, M",-1,0,hidden,,,,,taxable,parent,1,,,0,0,,,,,0,,,12,,,,,,,CAP_001,,,"r3289, P2080, l26521, e4857",,,2,,,color,"Blue yonder",,1,,size,M,,1,
6204,variation,,,"Promo Trucker Hat - Blue yonder, S",-1,0,hidden,,,,,taxable,parent,1,,,0,0,,,,,0,,,12,,,,,,,CAP_001,,,"r3289, P2080, l26521, e4857",,,3,,,color,"Blue yonder",,1,,size,S,,1,
6205,variation,,,"Promo Trucker Hat - Lemon curry, L",-1,0,hidden,,,,,taxable,parent,1,,,0,0,,,,,0,,,12,,,,,,,CAP_001,,,"r3289, P2080, l26521, e4857",,,4,,,color,"Lemon curry",,1,,size,L,,1,
6206,variation,,,"Promo Trucker Hat - Lemon curry, M",-1,0,hidden,,,,,taxable,parent,1,,,0,0,,,,,0,,,12,,,,,,,CAP_001,,,"r3289, P2080, l26521, e4857",,,5,,,color,"Lemon curry",,1,,size,M,,1,
6207,variation,,,"Promo Trucker Hat - Lemon curry, S",-1,0,hidden,,,,,taxable,parent,1,,,0,0,,,,,0,,,12,,,,,,,CAP_001,,,"r3289, P2080, l26521, e4857",,,6,,,color,"Lemon curry",,1,,size,S,,1,
6208,variation,,,"Promo Trucker Hat - Lightseagreen, L",-1,0,hidden,,,,,taxable,parent,1,,,0,0,,,,,0,,,12,,,,,,,CAP_001,,,"r3289, P2080, l26521, e4857",,,7,,,color,Lightseagreen,,1,,size,L,,1,
6209,variation,,,"Promo Trucker Hat - Lightseagreen, M",-1,0,hidden,,,,,taxable,parent,1,,,0,0,,,,,0,,,12,,,,,,,CAP_001,,,"r3289, P2080, l26521, e4857",,,8,,,color,Lightseagreen,,1,,size,M,,1,
6210,variation,,,"Promo Trucker Hat - Lightseagreen, S",-1,0,hidden,,,,,taxable,parent,1,,,0,0,,,,,0,,,12,,,,,,,CAP_001,,,"r3289, P2080, l26521, e4857",,,9,,,color,Lightseagreen,,1,,size,S,,1,
6970,variation,,,,1,0,visible,,,,,taxable,parent,1,,,0,0,,,,,0,,,14.90,,,,,,,,,,,,,0,,,,,,,,,,,,
6973,variation,,,"Printed Baseball Cap - Black, L",-1,0,hidden,,,,,taxable,parent,backorder,,,0,0,,,,,0,,,12,,,,,,,C7775,,,"T3795, P70762, s7839, M4024, e4857",,,1,,,color,Black,,1,,size,L,,1,,,,,,,,,,,,,,,,
6974,variation,,,"Printed Baseball Cap - Black, M",-1,0,hidden,,,,,taxable,parent,backorder,,,0,0,,,,,0,,,12,,,,,,,C7775,,,"T3795, P70762, s7839, M4024, e4857",,,2,,,color,Black,,1,,size,M,,1,,,,,,,,,,,,,,,,
6975,variation,,,"Printed Baseball Cap - Black, S",-1,0,hidden,,,,,taxable,parent,backorder,,,0,0,,,,,0,,,12,,,,,,,C7775,,,"T3795, P70762, s7839, M4024, e4857",,,3,,,color,Black,,1,,size,S,,1,,,,,,,,,,,,,,,,
6976,variation,,,"Printed Baseball Cap - Blue yonder, L",-1,0,hidden,,,,,taxable,parent,backorder,,,0,0,,,,,0,,,12,,,,,,,C7775,,,"T3795, P70762, s7839, M4024, e4857",,,4,,,color,"Blue yonder",,1,,size,L,,1,,,,,,,,,,,,,,,,
6977,variation,,,"Printed Baseball Cap - Blue yonder, M",-1,0,hidden,,,,,taxable,parent,backorder,,,0,0,,,,,0,,,12,,,,,,,C7775,,,"T3795, P70762, s7839, M4024, e4857",,,5,,,color,"Blue yonder",,1,,size,M,,1,,,,,,,,,,,,,,,,
6978,variation,,,"Printed Baseball Cap - Blue yonder, S",-1,0,hidden,,,,,taxable,parent,backorder,,,0,0,,,,,0,,,12,,,,,,,C7775,,,"T3795, P70762, s7839, M4024, e4857",,,6,,,color,"Blue yonder",,1,,size,S,,1,,,,,,,,,,,,,,,,
6979,variation,,,"Printed Baseball Cap - Lemon curry, L",-1,0,hidden,,,,,taxable,parent,backorder,,,0,0,,,,,0,,,12,,,,,,,C7775,,,"T3795, P70762, s7839, M4024, e4857",,,7,,,color,"Lemon curry",,1,,size,L,,1,,,,,,,,,,,,,,,,
6980,variation,,,"Printed Baseball Cap - Lemon curry, M",-1,0,hidden,,,,,taxable,parent,backorder,,,0,0,,,,,0,,,12,,,,,,,C7775,,,"T3795, P70762, s7839, M4024, e4857",,,8,,,color,"Lemon curry",,1,,size,M,,1,,,,,,,,,,,,,,,,
6981,variation,,,"Printed Baseball Cap - Lemon curry, S",-1,0,hidden,,,,,taxable,parent,backorder,,,0,0,,,,,0,,,12,,,,,,,C7775,,,"T3795, P70762, s7839, M4024, e4857",,,9,,,color,"Lemon curry",,1,,size,S,,1,,,,,,,,,,,,,,,,
6982,variation,,,"Printed Baseball Cap - Lightseagreen, L",-1,0,hidden,,,,,taxable,parent,backorder,,,0,0,,,,,0,,,12,,,,,,,C7775,,,"T3795, P70762, s7839, M4024, e4857",,,10,,,color,Lightseagreen,,1,,size,L,,1,,,,,,,,,,,,,,,,
6983,variation,,,"Printed Baseball Cap - Lightseagreen, M",-1,0,hidden,,,,,taxable,parent,backorder,,,0,0,,,,,0,,,12,,,,,,,C7775,,,"T3795, P70762, s7839, M4024, e4857",,,11,,,color,Lightseagreen,,1,,size,M,,1,,,,,,,,,,,,,,,,
6984,variation,,,"Printed Baseball Cap - Lightseagreen, S",-1,0,hidden,,,,,taxable,parent,backorder,,,0,0,,,,,0,,,12,,,,,,,C7775,,,"T3795, P70762, s7839, M4024, e4857",,,12,,,color,Lightseagreen,,1,,size,S,,1,,,,,,,,,,,,,,,,
6985,variation,,,"Printed Baseball Cap - Pink, L",-1,0,hidden,,,,,taxable,parent,backorder,,,0,0,,,,,0,,,12,,,,,,,C7775,,,"T3795, P70762, s7839, M4024, e4857",,,13,,,color,Pink,,1,,size,L,,1,,,,,,,,,,,,,,,,
6986,variation,,,"Printed Baseball Cap - Pink, M",-1,0,hidden,,,,,taxable,parent,backorder,,,0,0,,,,,0,,,12,,,,,,,C7775,,,"T3795, P70762, s7839, M4024, e4857",,,14,,,color,Pink,,1,,size,M,,1,,,,,,,,,,,,,,,,
6987,variation,,,"Printed Baseball Cap - Pink, S",-1,0,hidden,,,,,taxable,parent,backorder,,,0,0,,,,,0,,,12,,,,,,,C7775,,,"T3795, P70762, s7839, M4024, e4857",,,15,,,color,Pink,,1,,size,S,,1,,,,,,,,,,,,,,,,
6988,variation,,,"Printed Baseball Cap - Violet, L",-1,0,hidden,,,,,taxable,parent,backorder,,,0,0,,,,,0,,,12,,,,,,,C7775,,,"T3795, P70762, s7839, M4024, e4857",,,16,,,color,Violet,,1,,size,L,,1,,,,,,,,,,,,,,,,
6989,variation,,,"Printed Baseball Cap - Violet, M",-1,0,hidden,,,,,taxable,parent,backorder,,,0,0,,,,,0,,,12,,,,,,,C7775,,,"T3795, P70762, s7839, M4024, e4857",,,17,,,color,Violet,,1,,size,M,,1,,,,,,,,,,,,,,,,
6990,variation,,,"Printed Baseball Cap - Violet, S",-1,0,hidden,,,,,taxable,parent,backorder,,,0,0,,,,,0,,,12,,,,,,,C7775,,,"T3795, P70762, s7839, M4024, e4857",,,18,,,color,Violet,,1,,size,S,,1,,,,,,,,,,,,,,,,
7221,variation,,,,1,0,visible,,,,,taxable,parent,1,,,0,0,,,,,0,,,14.95,,,,,,,,,,,,,0,,,,,,,,,,,,,,,,,,,,,,,,,,,
7231,variation,,,,1,0,visible,,,,,taxable,parent,1,,,0,0,,,,,0,,,5.95,,,,,,,,,,,,,0,,,,,,,,,,,,,,,,,,,,,,,,,,,
7241,variation,,,,1,0,visible,,,,,taxable,parent,1,,,0,0,,,,,0,,,19.95,,,,,,,,,,,,,0,,,,,,,,,,,,,,,,,,,,,,,,,,,
7248,variation,,,,1,0,visible,,,,,taxable,parent,1,,,0,0,,,,,0,,,49.95,,,,,,,,,,,,,0,,,,,,,,,,,,,,,,,,,,,,,,,,,
7255,variation,,,,1,0,visible,,,,,taxable,parent,1,,,0,0,,,,,0,,,49.95,,,,,,,,,,,,,0,,,,,,,,,,,,,,,,,,,,,,,,,,,
7269,variation,,,,1,0,visible,,,,,taxable,parent,1,,,0,0,,,,,0,,,19.95,,,,,,,,,,,,,0,,,,,,,,,,,,,,,,,,,,,,,,,,,
7276,variation,,,,1,0,visible,,,,,taxable,parent,1,,,0,0,,,,,0,,,14.95,,,,,,,,,,,,,0,,,,,,,,,,,,,,,,,,,,,,,,,,,
7283,variation,,,,1,0,visible,,,,,taxable,parent,1,,,0,0,,,,,0,,,14.90,,,,,,,,,,,,,0,,,,,,,,,,,,,,,,,,,,,,,,,,,
7290,variation,,,,1,0,visible,,,,,taxable,parent,1,,,0,0,,,,,0,,,19.95,,,,,,,,,,,,,0,,,,,,,,,,,,,,,,,,,,,,,,,,,
7296,variation,,,,1,0,visible,,,,,taxable,parent,1,,,0,0,,,,,0,,,9.90,,,,,,,,,,,,,0,,,,,,,,,,,,,,,,,,,,,,,,,,,
7304,variation,,,,1,0,visible,,,,,taxable,parent,1,,,0,0,,,,,0,,,9.95,,,,,,,,,,,,,0,,,,,,,,,,,,,,,,,,,,,,,,,,,
7720,"simple, virtual",,,"Reverse Withdrawal Payment",-1,0,hidden,,"This is Dokan reverse withdrawal payment product, do not delete.",,,none,,1,,,0,0,,,,,1,,,0,Uncategorized,,,https://creativeprintarts.com/wp-content/uploads/2023/03/placeholder.jpeg,,,,,,,,,0,,,,,,,,,,,,,,,,,,,,,,,,,,,
9770,variable,,,"Business card",-1,0,hidden,,,,,taxable,,1,,,0,0,,,,,1,,,,Uncategorized,,,https://creativeprintarts.com/wp-content/uploads/2026/05/business-card.png,,,,,,,,,0,,,"Product color","None, Red, Pink, Purple, Deep purple, Indigo, Blue, Light blue, Cyan, Teal, Green, Light green, Lime, Yellow, Amber, Orange, Deep orange, Brown, Blue grey, Light grey, White, Black",1,0,None,Sides,"Front only, Front and back",1,0,"Front and back",Corners,"Square, Round",1,0,Square,Finish,"Gloss, Matte",1,0,Gloss,Quantity,"1.000 Units, 2.000 Units, 5.000 Units",1,0,"1.000 Units"
9772,variation,,,"Business card",-1,0,hidden,,,,,taxable,parent,1,,,0,0,,,,,0,,,5.95,,,,,,,id:9770,,,,,,0,,,"Product color",,,0,,Sides,"Front only",,0,,Corners,,,0,,Finish,,,0,,Quantity,"1.000 Units",,0,
9773,variation,,,"Business card",-1,0,hidden,,,,,taxable,parent,1,,,0,0,,,,,0,,,9.95,,,,,,,id:9770,,,,,,0,,,"Product color",,,0,,Sides,"Front and back",,0,,Corners,,,0,,Finish,,,0,,Quantity,"1.000 Units",,0,
9774,variation,,,"Business card",-1,0,hidden,,,,,taxable,parent,1,,,0,0,,,,,0,,,12.95,,,,,,,id:9770,,,,,,0,,,"Product color",,,0,,Sides,"Front only",,0,,Corners,,,0,,Finish,,,0,,Quantity,"2.000 Units",,0,
9775,variation,,,"Business card",-1,0,hidden,,,,,taxable,parent,1,,,0,0,,,,,0,,,16.95,,,,,,,id:9770,,,,,,0,,,"Product color",,,0,,Sides,"Front and back",,0,,Corners,,,0,,Finish,,,0,,Quantity,"2.000 Units",,0,
9776,variation,,,"Business card",-1,0,hidden,,,,,taxable,parent,1,,,0,0,,,,,0,,,35.95,,,,,,,id:9770,,,,,,0,,,"Product color",,,0,,Sides,"Front only",,0,,Corners,,,0,,Finish,,,0,,Quantity,"5.000 Units",,0,
9777,variation,,,"Business card",-1,0,hidden,,,,,taxable,parent,1,,,0,0,,,,,0,,,39.95,,,,,,,id:9770,,,,,,0,,,"Product color",,,0,,Sides,"Front and back",,0,,Corners,,,0,,Finish,,,0,,Quantity,"5.000 Units",,0,
9780,simple,,,Flyer,1,0,hidden,"<h3 data-section-id=""ggvil4"" data-start=""0"" data-end=""31"">Professional Flyer Printing</h3>\n<p data-start=""33"" data-end=""83""><strong data-start=""33"" data-end=""83"">Promote Your Business with High-Quality Flyers</strong></p>\n<p data-start=""85"" data-end=""388"">Flyers are one of the most effective and affordable marketing tools to reach new customers, advertise offers, and increase brand awareness. Whether you're promoting an event, product launch, restaurant, retail store, or business service, professionally printed flyers help you make a lasting impression.</p>\n<p data-start=""390"" data-end=""629"">✅ Available in A4, A5, DL &amp; Custom Sizes<br data-start=""430"" data-end=""433"" />✅ Single-Side or Double-Side Printing<br data-start=""470"" data-end=""473"" />✅ Full-Color High-Resolution Printing<br data-start=""510"" data-end=""513"" />✅ Premium Glossy, Matte &amp; Art Paper Options<br data-start=""556"" data-end=""559"" />✅ Fast Turnaround &amp; Nationwide Delivery<br data-start=""598"" data-end=""601"" />✅ Low Minimum Order Quantity</p>","<h3 data-section-id=""ggvil4"" data-start=""0"" data-end=""31"">Professional Flyer Printing</h3>\n<p data-start=""33"" data-end=""83""><strong data-start=""33"" data-end=""83"">Promote Your Business with High-Quality Flyers</strong></p>\n<p data-start=""85"" data-end=""388"">Flyers are one of the most effective and affordable marketing tools to reach new customers, advertise offers, and increase brand awareness. Whether you're promoting an event, product launch, restaurant, retail store, or business service, professionally printed flyers help you make a lasting impression.</p>\n<p data-start=""390"" data-end=""629"">✅ Available in A4, A5, DL &amp; Custom Sizes<br data-start=""430"" data-end=""433"" />✅ Single-Side or Double-Side Printing<br data-start=""470"" data-end=""473"" />✅ Full-Color High-Resolution Printing<br data-start=""510"" data-end=""513"" />✅ Premium Glossy, Matte &amp; Art Paper Options<br data-start=""556"" data-end=""559"" />✅ Fast Turnaround &amp; Nationwide Delivery<br data-start=""598"" data-end=""601"" />✅ Low Minimum Order Quantity</p>",,,taxable,,1,,,0,0,,,,,1,,,0,"Marketing Product > Flyers, Marketing Product",,,https://creativeprintarts.com/wp-content/uploads/2026/05/Flyer.jpg,,,,,,,,,0,,,"Product color","None, Red, Pink, Purple, Deep purple, Indigo, Blue, Light blue, Cyan, Teal, Green, Light green, Lime, Yellow, Amber, Orange, Deep orange, Brown, Blue grey, Light grey, White, Black",1,0,,Size,"150mm x 200mm",1,0,,Finish,"Gloss, Matte",1,0,,"Delivery term","5 to 7 business days, 24 hours",1,0,,Quantity,"1.000 Units, 2.000 Units, 5.000 Units",1,0,
9787,variable,,,Poster,-1,0,hidden,,,,,taxable,,1,,,0,0,,,,,1,,,,Uncategorized,,,https://creativeprintarts.com/wp-content/uploads/2026/05/poster.png,,,,,,,,,0,,,"Product color","None, Red, Pink, Purple, Deep purple, Indigo, Blue, Light blue, Cyan, Teal, Green, Light green, Lime, Yellow, Amber, Orange, Deep orange, Brown, Blue grey, Light grey, White, Black",1,0,None,Size,"300mm x 400mm",1,0,"300mm x 400mm",Finish,"Gloss, Matte",1,0,Gloss,"Delivery term","5 to 7 business days, 24 hours",1,0,"24 hours",Quantity,"1.000 Units, 2.000 Units, 5.000 Units",1,0,"1.000 Units"
9789,variation,,,Poster,-1,0,hidden,,,,,taxable,parent,1,,,0,0,,,,,0,,,49.95,,,,,,,id:9787,,,,,,0,,,"Product color",,,0,,Size,,,0,,Finish,,,0,,"Delivery term",,,0,,Quantity,"1.000 Units",,0,
9790,variation,,,Poster,-1,0,hidden,,,,,taxable,parent,1,,,0,0,,,,,0,,,56.95,,,,,,,id:9787,,,,,,0,,,"Product color",,,0,,Size,,,0,,Finish,,,0,,"Delivery term",,,0,,Quantity,"2.000 Units",,0,
9791,variation,,,Poster,-1,0,hidden,,,,,taxable,parent,1,,,0,0,,,,,0,,,79.95,,,,,,,id:9787,,,,,,0,,,"Product color",,,0,,Size,,,0,,Finish,,,0,,"Delivery term",,,0,,Quantity,"5.000 Units",,0,
9794,variable,,,"Diptych brochure",-1,0,hidden,,,,,taxable,,1,,,0,0,,,,,1,,,,Uncategorized,,,https://creativeprintarts.com/wp-content/uploads/2026/05/diptych-brochure.png,,,,,,,,,0,,,"Product color","None, Red, Pink, Purple, Deep purple, Indigo, Blue, Light blue, Cyan, Teal, Green, Light green, Lime, Yellow, Amber, Orange, Deep orange, Brown, Blue grey, Light grey, White, Black",1,0,None,Size,"300mm x 230mm",1,0,"300mm x 230mm",Finish,"Gloss, Matte",1,0,Gloss,"Delivery term","5 to 7 business days, 24 hours",1,0,"24 hours",Quantity,"1.000 Units, 2.000 Units, 5.000 Units",1,0,"1.000 Units"
9796,variation,,,"Diptych brochure",-1,0,hidden,,,,,taxable,parent,1,,,0,0,,,,,0,,,49.95,,,,,,,id:9794,,,,,,0,,,"Product color",,,0,,Size,,,0,,Finish,,,0,,"Delivery term",,,0,,Quantity,"1.000 Units",,0,
9797,variation,,,"Diptych brochure",-1,0,hidden,,,,,taxable,parent,1,,,0,0,,,,,0,,,56.95,,,,,,,id:9794,,,,,,0,,,"Product color",,,0,,Size,,,0,,Finish,,,0,,"Delivery term",,,0,,Quantity,"2.000 Units",,0,
9798,variation,,,"Diptych brochure",-1,0,hidden,,,,,taxable,parent,1,,,0,0,,,,,0,,,79.95,,,,,,,id:9794,,,,,,0,,,"Product color",,,0,,Size,,,0,,Finish,,,0,,"Delivery term",,,0,,Quantity,"5.000 Units",,0,
9801,variable,,,"Triptych brochure",-1,0,hidden,,,,,taxable,,1,,,0,0,,,,,1,,,,Uncategorized,,,https://creativeprintarts.com/wp-content/uploads/2026/05/triptych-brochure.png,,,,,,,,,0,,,"Product color","None, Red, Pink, Purple, Deep purple, Indigo, Blue, Light blue, Cyan, Teal, Green, Light green, Lime, Yellow, Amber, Orange, Deep orange, Brown, Blue grey, Light grey, White, Black",1,0,None,Size,"300mm x 230mm",1,0,"300mm x 230mm",Finish,"Gloss, Matte",1,0,Gloss,"Delivery term","5 to 7 business days, 24 hours",1,0,"24 hours",Quantity,"1.000 Units, 2.000 Units, 5.000 Units",1,0,"1.000 Units"
9803,variation,,,"Triptych brochure",-1,0,hidden,,,,,taxable,parent,1,,,0,0,,,,,0,,,49.95,,,,,,,id:9801,,,,,,0,,,"Product color",,,0,,Size,,,0,,Finish,,,0,,"Delivery term",,,0,,Quantity,"1.000 Units",,0,
9804,variation,,,"Triptych brochure",-1,0,hidden,,,,,taxable,parent,1,,,0,0,,,,,0,,,56.95,,,,,,,id:9801,,,,,,0,,,"Product color",,,0,,Size,,,0,,Finish,,,0,,"Delivery term",,,0,,Quantity,"2.000 Units",,0,
9805,variation,,,"Triptych brochure",-1,0,hidden,,,,,taxable,parent,1,,,0,0,,,,,0,,,79.95,,,,,,,id:9801,,,,,,0,,,"Product color",,,0,,Size,,,0,,Finish,,,0,,"Delivery term",,,0,,Quantity,"5.000 Units",,0,
9808,variable,,,"Men's t-shirt",-1,0,hidden,,,,,taxable,,1,,,0,0,,,,,1,,,,Uncategorized,,,https://creativeprintarts.com/wp-content/uploads/2026/05/mens-t-shirt.png,,,,,,,,,0,,,"Product color","None, Red, Pink, Purple, Deep purple, Indigo, Blue, Light blue, Cyan, Teal, Green, Light green, Lime, Yellow, Amber, Orange, Deep orange, Brown, Blue grey, Light grey, White, Black",1,0,Red,Size,"XS, S, M, L, XL, XXL",1,0,XS,"Delivery term","5 to 7 business days, 24 hours",1,0,"24 hours",Quantity,"1 Unit, 5 Units, 10 Units",1,0,"1 Unit",,,,,
9810,variation,,,"Men's t-shirt",-1,0,hidden,,,,,taxable,parent,1,,,0,0,,,,,0,,,14.95,,,,,,,id:9808,,,,,,0,,,"Product color",,,0,,Size,,,0,,"Delivery term",,,0,,Quantity,"1 Unit",,0,,,,,,
9811,variation,,,"Men's t-shirt",-1,0,hidden,,,,,taxable,parent,1,,,0,0,,,,,0,,,64.95,,,,,,,id:9808,,,,,,0,,,"Product color",,,0,,Size,,,0,,"Delivery term",,,0,,Quantity,"5 Units",,0,,,,,,
9812,variation,,,"Men's t-shirt",-1,0,hidden,,,,,taxable,parent,1,,,0,0,,,,,0,,,119.95,,,,,,,id:9808,,,,,,0,,,"Product color",,,0,,Size,,,0,,"Delivery term",,,0,,Quantity,"10 Units",,0,,,,,,
9815,variable,,,Cap,-1,0,hidden,,,,,taxable,,1,,,0,0,,,,,1,,,,Uncategorized,,,https://creativeprintarts.com/wp-content/uploads/2026/05/cap.png,,,,,,,,,0,,,"Product color","None, Red, Blue Grey, Dark salmon, Lemon, Green, Khaki, Light grey, White",1,0,Khaki,"Delivery term","5 to 7 business days, 24 hours",1,0,"24 hours",Quantity,"1 Unit, 5 Units, 10 Units",1,0,"1 Unit",,,,,,,,,,
9817,variation,,,Cap,-1,0,hidden,,,,,taxable,parent,1,,,0,0,,,,,0,,,14.90,,,,,,,id:9815,,,,,,0,,,"Product color",,,0,,"Delivery term",,,0,,Quantity,"1 Unit",,0,,,,,,,,,,,
9818,variation,,,Cap,-1,0,hidden,,,,,taxable,parent,1,,,0,0,,,,,0,,,59.90,,,,,,,id:9815,,,,,,0,,,"Product color",,,0,,"Delivery term",,,0,,Quantity,"5 Units",,0,,,,,,,,,,,
9819,variation,,,Cap,-1,0,hidden,,,,,taxable,parent,1,,,0,0,,,,,0,,,99.90,,,,,,,id:9815,,,,,,0,,,"Product color",,,0,,"Delivery term",,,0,,Quantity,"10 Units",,0,,,,,,,,,,,
9822,variable,,,Sweatshirt,-1,0,hidden,,,,,taxable,,1,,,0,0,,,,,1,,,,Uncategorized,,,https://creativeprintarts.com/wp-content/uploads/2026/05/sweatshirt.png,,,,,,,,,0,,,"Product color","None, Red, Blue, Green, Yellow, Orange, Blue grey, White",1,0,"Blue grey",Size,"S, M, L",1,0,S,"Delivery term","5 to 7 business days, 24 hours",1,0,"24 hours",Quantity,"1 Unit, 5 Units, 10 Units",1,0,"1 Unit",,,,,
9824,variation,,,Sweatshirt,-1,0,hidden,,,,,taxable,parent,1,,,0,0,,,,,0,,,19.95,,,,,,,id:9822,,,,,,0,,,"Product color",,,0,,Size,,,0,,"Delivery term",,,0,,Quantity,"1 Unit",,0,,,,,,
9825,variation,,,Sweatshirt,-1,0,hidden,,,,,taxable,parent,1,,,0,0,,,,,0,,,89.95,,,,,,,id:9822,,,,,,0,,,"Product color",,,0,,Size,,,0,,"Delivery term",,,0,,Quantity,"5 Units",,0,,,,,,
9826,variation,,,Sweatshirt,-1,0,hidden,,,,,taxable,parent,1,,,0,0,,,,,0,,,159.95,,,,,,,id:9822,,,,,,0,,,"Product color",,,0,,Size,,,0,,"Delivery term",,,0,,Quantity,"10 Units",,0,,,,,,
9829,variable,,,Mug,-1,0,hidden,,,,,taxable,,1,,,0,0,,,,,1,,,,Uncategorized,,,https://creativeprintarts.com/wp-content/uploads/2026/05/mug.png,,,,,,,,,0,,,"Product color","None, Red, Pink, Purple, Deep purple, Indigo, Blue, Light blue, Cyan, Teal, Green, Light green, Lime, Yellow, Amber, Orange, Deep orange, Brown, Blue grey, Light grey, White, Black",1,0,Teal,"Delivery term","5 to 7 business days, 24 hours",1,0,"24 hours",Quantity,"1 Unit, 5 Units, 10 Units",1,0,"1 Unit",,,,,,,,,,
9831,variation,,,Mug,-1,0,hidden,,,,,taxable,parent,1,,,0,0,,,,,0,,,14.95,,,,,,,id:9829,,,,,,0,,,"Product color",,,0,,"Delivery term",,,0,,Quantity,"1 Unit",,0,,,,,,,,,,,
9832,variation,,,Mug,-1,0,hidden,,,,,taxable,parent,1,,,0,0,,,,,0,,,64.95,,,,,,,id:9829,,,,,,0,,,"Product color",,,0,,"Delivery term",,,0,,Quantity,"5 Units",,0,,,,,,,,,,,
9833,variation,,,Mug,-1,0,hidden,,,,,taxable,parent,1,,,0,0,,,,,0,,,119.95,,,,,,,id:9829,,,,,,0,,,"Product color",,,0,,"Delivery term",,,0,,Quantity,"10 Units",,0,,,,,,,,,,,
9836,variable,,,"Mouse Pad",-1,0,hidden,,,,,taxable,,1,,,0,0,,,,,1,,,,Uncategorized,,,https://creativeprintarts.com/wp-content/uploads/2026/05/mouse-pad.png,,,,,,,,,0,,,"Product color","None, Red, Pink, Purple, Deep purple, Indigo, Blue, Light blue, Cyan, Teal, Green, Light green, Lime, Yellow, Amber, Orange, Deep orange, Brown, Blue grey, Light grey, White, Black",1,0,"Light grey",Size,"Small (450mm x 400mm), Big (900mm x 200mm)",1,0,"Small (450mm x 400mm)","Delivery term","5 to 7 business days, 24 hours",1,0,"24 hours",Quantity,"1 Unit, 5 Units, 10 Units",1,0,"1 Unit",,,,,
9838,variation,,,"Mouse Pad",-1,0,hidden,,,,,taxable,parent,1,,,0,0,,,,,0,,,14.90,,,,,,,id:9836,,,,,,0,,,"Product color",,,0,,Size,,,0,,"Delivery term",,,0,,Quantity,"1 Unit",,0,,,,,,
9839,variation,,,"Mouse Pad",-1,0,hidden,,,,,taxable,parent,1,,,0,0,,,,,0,,,59.90,,,,,,,id:9836,,,,,,0,,,"Product color",,,0,,Size,,,0,,"Delivery term",,,0,,Quantity,"5 Units",,0,,,,,,
9840,variation,,,"Mouse Pad",-1,0,hidden,,,,,taxable,parent,1,,,0,0,,,,,0,,,99.90,,,,,,,id:9836,,,,,,0,,,"Product color",,,0,,Size,,,0,,"Delivery term",,,0,,Quantity,"10 Units",,0,,,,,,
9843,variable,,,"Phone case",-1,0,hidden,,,,,taxable,,1,,,0,0,,,,,1,,,,Uncategorized,,,https://creativeprintarts.com/wp-content/uploads/2026/05/phone-case.png,,,,,,,,,0,,,"Product color","None, #c43458, #c2d7c4, #f06d59, #5c6e62, #535b70, #f0d4c9, #f0efed, #454140, #c23337",1,0,None,"Delivery term","5 to 7 business days, 24 hours",1,0,"24 hours",,,,,,,,,,,,,,,
9845,variation,,,"Phone case",-1,0,hidden,,,,,taxable,parent,1,,,0,0,,,,,0,,,19.95,,,,,,,id:9843,,,,,,0,,,"Product color",,,0,,"Delivery term","5 to 7 business days",,0,,,,,,,,,,,,,,,,
9846,variation,,,"Phone case",-1,0,hidden,,,,,taxable,parent,1,,,0,0,,,,,0,,,24.95,,,,,,,id:9843,,,,,,0,,,"Product color",,,0,,"Delivery term","24 hours",,0,,,,,,,,,,,,,,,,
9849,variable,,,Badge,-1,0,hidden,,,,,taxable,,1,,,0,0,,,,,1,,,,Uncategorized,,,https://creativeprintarts.com/wp-content/uploads/2026/05/badge.png,,,,,,,,,0,,,"Product color","None, Red, Pink, Purple, Deep purple, Indigo, Blue, Light blue, Cyan, Teal, Green, Light green, Lime, Yellow, Amber, Orange, Deep orange, Brown, Blue grey, Light grey, White, Black",1,0,"Light blue",Finish,"Gloss, Matte, Metal",1,0,Gloss,"Delivery term","5 to 7 business days, 24 hours",1,0,"24 hours",Quantity,"5 Units, 10 Units, 50 Units, 100 Units",1,0,"5 Units",,,,,
9851,variation,,,Badge,-1,0,hidden,,,,,taxable,parent,1,,,0,0,,,,,0,,,9.90,,,,,,,id:9849,,,,,,0,,,"Product color",,,0,,Finish,,,0,,"Delivery term",,,0,,Quantity,"5 Units",,0,,,,,,
9852,variation,,,Badge,-1,0,hidden,,,,,taxable,parent,1,,,0,0,,,,,0,,,17.50,,,,,,,id:9849,,,,,,0,,,"Product color",,,0,,Finish,,,0,,"Delivery term",,,0,,Quantity,"10 Units",,0,,,,,,
9853,variation,,,Badge,-1,0,hidden,,,,,taxable,parent,1,,,0,0,,,,,0,,,36.90,,,,,,,id:9849,,,,,,0,,,"Product color",,,0,,Finish,,,0,,"Delivery term",,,0,,Quantity,"50 Units",,0,,,,,,
9854,variation,,,Badge,-1,0,hidden,,,,,taxable,parent,1,,,0,0,,,,,0,,,49.90,,,,,,,id:9849,,,,,,0,,,"Product color",,,0,,Finish,,,0,,"Delivery term",,,0,,Quantity,"100 Units",,0,,,,,,
9857,variable,,,Sticker,-1,0,hidden,,,,,taxable,,1,,,0,0,,,,,1,,,,Uncategorized,,,https://creativeprintarts.com/wp-content/uploads/2026/05/sticker.png,,,,,,,,,0,,,"Product color","None, Red, Pink, Purple, Deep purple, Indigo, Blue, Light blue, Cyan, Teal, Green, Light green, Lime, Yellow, Amber, Orange, Deep orange, Brown, Blue grey, Light grey, White, Black",1,0,"Light grey",Style,"Round, Square, Rectangular",1,0,Round,"Delivery term","5 to 7 business days, 24 hours",1,0,"24 hours",Quantity,"1.000 Units, 2.000 Units, 5.000 Units",1,0,"1.000 Units",,,,,
9859,variation,,,Sticker,-1,0,hidden,,,,,taxable,parent,1,,,0,0,,,,,0,,,9.95,,,,,,,id:9857,,,,,,0,,,"Product color",,,0,,Style,,,0,,"Delivery term",,,0,,Quantity,"1.000 Units",,0,,,,,,
9860,variation,,,Sticker,-1,0,hidden,,,,,taxable,parent,1,,,0,0,,,,,0,,,16.95,,,,,,,id:9857,,,,,,0,,,"Product color",,,0,,Style,,,0,,"Delivery term",,,0,,Quantity,"2.000 Units",,0,,,,,,
9861,variation,,,Sticker,-1,0,hidden,,,,,taxable,parent,1,,,0,0,,,,,0,,,39.95,,,,,,,id:9857,,,,,,0,,,"Product color",,,0,,Style,,,0,,"Delivery term",,,0,,Quantity,"5.000 Units",,0,,,,,,
10024,simple,"Book Printing",,"Book Printing",1,0,visible,"Our book printing service is ideal for <strong>self-published authors.</strong> Upload your print-ready PDF, select your specifications, and place your order online—yes minimum quantity required. Print as few as minimum copy or thousands with consistent quality.",,,,taxable,,1,,,0,0,,,,,1,,,0,"Book Printing",,,https://creativeprintarts.com/wp-content/uploads/2026/05/7259813.jpg,,,,,,,,,0,,,"Product color","None, Red, Pink, Purple, Deep purple, Indigo, Blue, Light blue, Cyan, Teal, Green, Light green, Lime, Yellow, Amber, Orange, Deep orange, Brown, Blue grey, Light grey, White, Black",1,0,,Size,"150mm x 200mm",1,0,,Finish,"Gloss, Matte",1,0,,"Delivery term","5 to 7 business days, 24 hours",1,0,,Quantity,"1.000 Units, 2.000 Units, 5.000 Units",1,0,
10030,simple,"Children's Book Printing",,"Children's Book Printing",1,0,visible,"<p data-start=""295"" data-end=""539"">Create colorful, engaging, and durable books for young readers with our <strong data-start=""367"" data-end=""404"">Children’s Book Printing Services</strong>. We help authors, publishers, schools, and businesses print high-quality children’s books that are safe, attractive, and long-lasting.</p>\n<p data-start=""541"" data-end=""672"">Whether you need a <strong data-start=""560"" data-end=""575"">minimum copy</strong> or <strong data-start=""579"" data-end=""596"">bulk printing</strong>, our online printing platform makes the process easy, fast, and affordable.</p>",,,,taxable,,1,,,0,0,,,,,1,,,0,"Book Printing","Best Seller",,https://creativeprintarts.com/wp-content/uploads/2026/05/Childrens-Book-1.jpg,,,,,,,,,0,,,"Product color","None, Red, Pink, Purple, Deep purple, Indigo, Blue, Light blue, Cyan, Teal, Green, Light green, Lime, Yellow, Amber, Orange, Deep orange, Brown, Blue grey, Light grey, White, Black",1,0,,Size,"150mm x 200mm",1,0,,Finish,"Gloss, Matte",1,0,,"Delivery term","5 to 7 business days, 24 hours",1,0,,Quantity,"1.000 Units, 2.000 Units, 5.000 Units",1,0,
10035,simple,"Comic Book Printing",,"Comic Book Printing",1,0,visible,"<p data-start=""284"" data-end=""588"">Bring your stories to life with our <strong data-start=""320"" data-end=""365"">high-quality Comic Book Printing Services</strong>. Whether you are an independent artist, publisher, school, or brand, we offer <strong data-start=""444"" data-end=""480"">professional comic book printing</strong> with vibrant colors, sharp details, and durable binding — perfect for retail, events, or personal projects.</p>\n<p data-start=""590"" data-end=""696"">From short-run digital printing to bulk offset production, we ensure premium results at affordable prices.</p>",,,,taxable,,1,,,0,0,,,,,1,,,0,"Book Printing",,,https://creativeprintarts.com/wp-content/uploads/2026/05/Coming-book.jpg,,,,,,,,,0,,,"Product color","None, Red, Pink, Purple, Deep purple, Indigo, Blue, Light blue, Cyan, Teal, Green, Light green, Lime, Yellow, Amber, Orange, Deep orange, Brown, Blue grey, Light grey, White, Black",1,0,,Size,"150mm x 200mm",1,0,,Finish,"Gloss, Matte",1,0,,"Delivery term","5 to 7 business days, 24 hours",1,0,,Quantity,"1.000 Units, 2.000 Units, 5.000 Units",1,0,
10040,simple,"Coffee Table Book Printing",,"Coffee Table Book Printing",1,0,visible,"<p data-start=""326"" data-end=""706"">Create stunning visual stories with our <strong data-start=""366"" data-end=""413"">premium Coffee Table Book Printing Services</strong>. Designed to impress, our coffee table books are perfect for <strong data-start=""475"" data-end=""577"">photographers, artists, designers, luxury brands, architects, corporates, and personal collections</strong>. We combine high-quality materials with advanced printing technology to deliver books that stand out in elegance and durability.</p>\n<p data-start=""708"" data-end=""865"">Whether you need a <strong data-start=""727"" data-end=""765"">short-run custom coffee table book</strong> or <strong data-start=""769"" data-end=""786"">bulk printing</strong>, we ensure flawless print quality, vibrant colors, and professional finishing.</p>",,,,taxable,,1,,,0,0,,,,,1,,,0,"Book Printing",,,https://creativeprintarts.com/wp-content/uploads/2026/05/Coffee-Table-Book1.jpg,,,,,,,,,0,,,"Product color","None, Red, Pink, Purple, Deep purple, Indigo, Blue, Light blue, Cyan, Teal, Green, Light green, Lime, Yellow, Amber, Orange, Deep orange, Brown, Blue grey, Light grey, White, Black",1,0,,Size,"150mm x 200mm",1,0,,Finish,"Gloss, Matte",1,0,,"Delivery term","5 to 7 business days, 24 hours",1,0,,Quantity,"1.000 Units, 2.000 Units, 5.000 Units",1,0,
10045,simple,"Coloring Book Printing",,"Coloring Book Printing",1,0,visible,"<p data-start=""326"" data-end=""706"">Create stunning visual stories with our <strong data-start=""366"" data-end=""413"">premium Coffee Table Book Printing Services</strong>. Designed to impress, our coffee table books are perfect for <strong data-start=""475"" data-end=""577"">photographers, artists, designers, luxury brands, architects, corporates, and personal collections</strong>. We combine high-quality materials with advanced printing technology to deliver books that stand out in elegance and durability.</p>\n<p data-start=""708"" data-end=""865"">Whether you need a <strong data-start=""727"" data-end=""765"">short-run custom coffee table book</strong> or <strong data-start=""769"" data-end=""786"">bulk printing</strong>, we ensure flawless print quality, vibrant colors, and professional finishing.</p>",,,,taxable,,1,,,0,0,,,,,1,,,0,"Book Printing",,,https://creativeprintarts.com/wp-content/uploads/2026/05/Coloring-book.jpg,,,,,,,,,0,,,"Product color","None, Red, Pink, Purple, Deep purple, Indigo, Blue, Light blue, Cyan, Teal, Green, Light green, Lime, Yellow, Amber, Orange, Deep orange, Brown, Blue grey, Light grey, White, Black",1,0,,Size,"150mm x 200mm",1,0,,Finish,"Gloss, Matte",1,0,,"Delivery term","5 to 7 business days, 24 hours",1,0,,Quantity,"1.000 Units, 2.000 Units, 5.000 Units",1,0,
10050,simple,"Art Book Printing",,"Art Book Printing",1,0,visible,"Bring your artistic vision to life with our <strong data-start=""347"" data-end=""385"">premium Art Book Printing Services</strong>, designed for artists, photographers, galleries, and creative professionals. Whether you’re showcasing paintings, illustrations, sketches, or fine art photography, we deliver <strong data-start=""561"" data-end=""588"">museum-quality printing</strong> with exceptional color accuracy and craftsmanship.",,,,taxable,,1,,,0,0,,,,,1,,,0,"Book Printing",,,https://creativeprintarts.com/wp-content/uploads/2026/05/07.jpg,,,,,,,,,0,,,"Product color","None, Red, Pink, Purple, Deep purple, Indigo, Blue, Light blue, Cyan, Teal, Green, Light green, Lime, Yellow, Amber, Orange, Deep orange, Brown, Blue grey, Light grey, White, Black",1,0,,Size,"150mm x 200mm",1,0,,Finish,"Gloss, Matte",1,0,,"Delivery term","5 to 7 business days, 24 hours",1,0,,Quantity,"1.000 Units, 2.000 Units, 5.000 Units",1,0,
10055,simple,"Annual Reports Printing",,"Annual Reports Printing",1,0,visible,"<p data-start=""784"" data-end=""1128"">Annual reports are more than just documents—they are a reflection of your organization’s trust, growth, and accountability. Our <strong data-start=""912"" data-end=""947"">Annual Report Printing Services</strong> are designed for corporates, listed companies, government bodies, NGOs, educational institutions, and startups looking for high-quality, compliant, and visually impressive reports.</p>\n<p data-start=""1130"" data-end=""1304"">We combine <strong data-start=""1141"" data-end=""1173"">advanced printing technology</strong>, premium paper options, and expert finishing to ensure your annual report stands out to shareholders, investors, and stakeholders.</p>",,,,taxable,,1,,,0,0,,,,,1,,,0,"Book Printing","Best Seller",,https://creativeprintarts.com/wp-content/uploads/2026/05/09.jpg,,,,,,,,,0,,,"Product color","None, Red, Pink, Purple, Deep purple, Indigo, Blue, Light blue, Cyan, Teal, Green, Light green, Lime, Yellow, Amber, Orange, Deep orange, Brown, Blue grey, Light grey, White, Black",1,0,,Size,"150mm x 200mm",1,0,,Finish,"Gloss, Matte",1,0,,"Delivery term","5 to 7 business days, 24 hours",1,0,,Quantity,"1.000 Units, 2.000 Units, 5.000 Units",1,0,
10060,simple,"Year Book Printing",,"Year Book Printing",1,0,visible,"<p data-start=""229"" data-end=""553"">Capture memories, milestones, and moments that last a lifetime with our <strong data-start=""301"" data-end=""344"">professional Yearbook Printing Services</strong>. Whether it’s for schools, colleges, universities, coaching institutes, or corporate teams, we deliver <strong data-start=""448"" data-end=""509"">high-quality, durable, and beautifully finished yearbooks</strong> that preserve your story for years to come.</p>\n<p data-start=""555"" data-end=""706"">From small batch printing to bulk orders, our advanced printing technology ensures vibrant colors, sharp images, and premium binding—every single time.</p>","<div class=""container book-hero"">\n<div class=""row align-items-start"">\n<div class=""col-lg-6 col-md-6 left-part"">\n<div class=""book-short-desc"">\n<p data-start=""555"" data-end=""706""></p>\n\n</div>\n<div class=""book-actions""></div>\n</div>\n<div class=""col-lg-6 col-md-6"">\n<div class=""custom-product-media-wrapper"">\n<div class=""gallery-placeholder"" data-gallery-role=""gallery-placeholder"">\n<div class=""fotorama--hidden""></div>\n<div class=""fotorama-item fotorama fotorama1780126912614"" data-gallery-role=""gallery"">\n<div tabindex=""-1"" data-gallery-role=""fotorama__focusable-start""></div>\n<div class=""fotorama__wrap fotorama__wrap--css3 fotorama__wrap--slide fotorama__wrap--toggle-arrows fotorama__wrap--no-controls"">\n<div class=""fotorama__stage"" data-fotorama-stage=""fotorama__stage"">\n<div class=""fotorama__arr fotorama__arr--prev"" tabindex=""0"" role=""button"" aria-label=""Previous"" data-gallery-role=""arrow""></div>\n<div class=""fotorama__stage__shaft fotorama__grab"" tabindex=""0"" data-gallery-role=""stage-shaft""></div>\n<div class=""fotorama__arr fotorama__arr--next"" tabindex=""0"" role=""button"" aria-label=""Next"" data-gallery-role=""arrow""></div>\n</div>\n<div class=""fotorama__nav-wrap fotorama__nav-wrap--horizontal"" data-gallery-role=""nav-wrap"">\n<div class=""fotorama__nav fotorama__nav--thumbs"">\n<div class=""fotorama__thumb__arr fotorama__thumb__arr--left fotorama__arr--disabled"" tabindex=""-1"" role=""button"" aria-label=""Previous"" data-gallery-role=""arrow""></div>\n<div class=""fotorama__nav__shaft"">\n<div class=""fotorama__nav__frame fotorama__nav__frame--thumb"" tabindex=""0"" role=""button"" data-gallery-role=""nav-frame"" data-nav-type=""thumb"" aria-label=""Year Book Printing"" data-active=""false"">\n<div class=""fotorama__thumb fotorama_vertical_ratio fotorama__loaded fotorama__loaded--img""></div>\n</div>\n<div class=""fotorama__nav__frame fotorama__nav__frame--thumb fotorama__active"" tabindex=""0"" role=""button"" data-gallery-role=""nav-frame"" data-nav-type=""thumb"" aria-label=""Year Book Printing"" data-active=""true"">\n<div class=""fotorama__thumb fotorama_vertical_ratio fotorama__loaded fotorama__loaded--img""></div>\n</div>\n<div class=""fotorama__nav__frame fotorama__nav__frame--thumb"" tabindex=""0"" role=""button"" data-gallery-role=""nav-frame"" data-nav-type=""thumb"" aria-label=""Year Book Printing"">\n<div class=""fotorama__thumb fotorama_vertical_ratio fotorama__loaded fotorama__loaded--img""></div>\n</div>\n</div>\n<div class=""fotorama__thumb__arr fotorama__thumb__arr--right fotorama__arr--disabled"" tabindex=""-1"" role=""button"" aria-label=""Next"" data-gallery-role=""arrow""></div>\n</div>\n</div>\n</div>\n<div tabindex=""-1"" data-gallery-role=""fotorama__focusable-end""></div>\n</div>\n</div>\n</div>\n</div>\n</div>\n</div>\n<div class=""ps-post--detail ps-post--parallax"">\n<div class=""ps-post__header bg--parallax"">\n<div class=""title-container""></div>\n</div>\n</div>",,,taxable,,1,,,0,0,,,,,1,,,0,"Book Printing",,,https://creativeprintarts.com/wp-content/uploads/2026/05/06.jpg,,,,,,,,,0,,,"Product color","None, Red, Pink, Purple, Deep purple, Indigo, Blue, Light blue, Cyan, Teal, Green, Light green, Lime, Yellow, Amber, Orange, Deep orange, Brown, Blue grey, Light grey, White, Black",1,0,,Size,"150mm x 200mm",1,0,,Finish,"Gloss, Matte",1,0,,"Delivery term","5 to 7 business days, 24 hours",1,0,,Quantity,"1.000 Units, 2.000 Units, 5.000 Units",1,0,
10065,simple,"Demand Books Printing",,"on Demand Books Printing",1,0,visible,"On-Demand Book Printing allows you to print books only when an order is placed, eliminating the need for bulk inventory and storage. This flexible solution is perfect for self-published authors, startups, schools, and businesses looking to reduce costs while maintaining premium print quality.",,,,taxable,,1,,,0,0,,,,,1,,,0,"Book Printing","Best Seller",,https://creativeprintarts.com/wp-content/uploads/2026/05/05.jpg,,,,,,,,,0,,,"Product color","None, Red, Pink, Purple, Deep purple, Indigo, Blue, Light blue, Cyan, Teal, Green, Light green, Lime, Yellow, Amber, Orange, Deep orange, Brown, Blue grey, Light grey, White, Black",1,0,,Size,"150mm x 200mm",1,0,,Finish,"Gloss, Matte",1,0,,"Delivery term","5 to 7 business days, 24 hours",1,0,,Quantity,"1.000 Units, 2.000 Units, 5.000 Units",1,0,
10124,simple,"Document Printing",,"Document Printing",1,0,visible,"<h4 data-start=""261"" data-end=""312"">High-Quality,</h4>\n<h4 data-start=""261"" data-end=""312"">Fast &amp; Reliable Document Printing</h4>\n<p data-start=""314"" data-end=""632"">Looking for professional document printing services you can trust?</p>\n<p data-start=""314"" data-end=""632"">We offer high-quality, affordable, and fast document printing solutions for businesses, students, professionals, and institutions. Whether you need a single copy or bulk printing, we ensure sharp text, clean layouts, and consistent quality every time.</p>",,,,taxable,,1,,,0,0,,,,,1,,,0,"Office Stationery",,,https://creativeprintarts.com/wp-content/uploads/2026/05/woman-work-office-using-printer.jpg-scaled.jpeg,,,,,,,,,0,,,"Product color","None, Red, Pink, Purple, Deep purple, Indigo, Blue, Light blue, Cyan, Teal, Green, Light green, Lime, Yellow, Amber, Orange, Deep orange, Brown, Blue grey, Light grey, White, Black",1,0,,Size,"150mm x 200mm",1,0,,Finish,"Gloss, Matte",1,0,,"Delivery term","5 to 7 business days, 24 hours",1,0,,Quantity,"1.000 Units, 2.000 Units, 5.000 Units",1,0,
10130,simple,,,"Standard Letter Head",1,0,visible,,"<strong>Give your letter head the lift and boost your business communication.\n</strong><strong>Create one today and experience the difference.</strong>\n<ul>\n 	<li>Easy to create</li>\n 	<li>Customisable</li>\n 	<li>Unique designs</li>\n 	<li>Starting from @ 4.95 rupees</li>\n 	<li>V card, QR code available</li>\n</ul>",,,taxable,,1,,,0,0,,,,,1,,,0,"Letterheads, Office Stationery","Best Seller",,https://creativeprintarts.com/wp-content/uploads/2026/05/883.jpg,,,,,,,,,0,,,,,,,,,,,,,,,,,,,,,,,,,,,
10132,simple,,,"Black & White Bill Book",1,0,visible,"<strong>Design your own Bill Books to record transactions &amp; GST filed</strong>\n\n– Size A-4\n– Top Binding\n– Paper 70 gsm White Sheets (original Copy)\n– No of Pages : 50 | Choose from different colors of duplicate sheets.\n– Easy to create\n– Starting from 500 rupees","Design your own Bill Books to record transactions &amp; GST filed\n\n– Size A-4\n– Top Binding\n– Paper 70 gsm White Sheets (original Copy)\n– No of Pages : 50 | Choose from different colors of duplicate sheets.\n– Easy to create\n– Starting from 400 rupees",,,taxable,,1,,,0,0,,,,,1,,400,550,"Office Stationery > Bill Book, Office Stationery",,,https://creativeprintarts.com/wp-content/uploads/2026/05/15046.jpg,,,,,,,,,0,,,,,,,,,,,,,,,,,,,,,,,,,,,
10134,simple,,,"Color Bill Book",1,0,visible,"Design your own Bill Books to record transactions &amp; GST filed\n\n– Size A-4\n– Top Binding\n– Paper 70 gsm White Sheets (original Copy)\n– No of Pages : 50 | Choose from different colors of duplicate sheets.\n– Easy to create\n– Starting from 500 rupees","<strong>Design your own Bill Books to record transactions &amp; GST filed</strong>\n\n– Size A-4\n– Top Binding\n– Paper 70 gsm White Sheets (original Copy)\n– No of Pages : 50 | Choose from different colors of duplicate sheets.\n– Easy to create\n– Starting from 500 rupees",,,taxable,,1,,,0,0,,,,,1,,,0,"Office Stationery > Bill Book, Office Stationery",,,https://creativeprintarts.com/wp-content/uploads/2026/05/12663.jpg,,,,,,,,,0,,,,,,,,,,,,,,,,,,,,,,,,,,,
10136,simple,,,"Standard Business Card",1,0,visible,"<strong>Let your work speak through your business card.</strong>\n<strong>Create one today and experience the difference.</strong>\n\n– Size 90 x 50 mm\n– Paper 300 gsm\n– Easy to create\n– Customizable business cards\n– Starting from 1.65 rupees\n– V card, QR code available","<strong>Let your work speak through your business card.</strong>\n<strong>Create one today and experience the difference.</strong>\n\n– Size 90 x 50 mm\n– Paper 300 gsm\n– Easy to create\n– Customizable business cards\n– Starting from 1.60 rupees\n– V card, QR code available",,,taxable,,1,,,0,0,,,,,1,,,0,"Business Cards, Office Stationery","Best Seller",,https://creativeprintarts.com/wp-content/uploads/2026/05/18_business_card_1_1.jpg,,,,,,,,,0,,,,,,,,,,,,,,,,,,,,,,,,,,,
10138,simple,,,"TEXTURE BUSINESS CARD",1,0,visible,,"<strong>Let your work speak through your business card.</strong>\n<strong>Create one today and experience the difference.</strong>\n\n– Size 90 x 50 mm\n– Paper 300 gsm\n– Easy to create\n– Customizable business cards\n– Starting from 4.75 rupees\n– V card, QR code available",,,taxable,,1,,,0,0,,,,,1,,,1,"Business Cards, Office Stationery",,,https://creativeprintarts.com/wp-content/uploads/2026/05/3222663_1.jpg,,,,,,,,,0,,,,,,,,,,,,,,,,,,,,,,,,,,,
10140,simple,,,"Paper Sticker",1,0,visible,,,,,taxable,,1,,,0,0,,,,,1,,,0,Stickers,,,https://creativeprintarts.com/wp-content/uploads/2026/05/35622899.jpg,,,,,,,,,0,,,,,,,,,,,,,,,,,,,,,,,,,,,
10144,simple,,,"Corporate  Letter Head",1,0,visible,,"<strong>Give your letter head the lift and boost your business communication.\n</strong><strong>Create one today and experience the difference.</strong>\n<ul>\n 	<li>Easy to create</li>\n 	<li>Customisable</li>\n 	<li>Unique designs</li>\n 	<li>Starting from @ 4.20 rupees</li>\n 	<li>V card, QR code available</li>\n</ul>",,,taxable,,1,,,0,0,,,,,1,,,0,"Letterheads, Office Stationery",,,https://creativeprintarts.com/wp-content/uploads/2026/05/7781427.jpg,,,,,,,,,0,,,,,,,,,,,,,,,,,,,,,,,,,,,
10153,simple,,,"PVC ID Cards",1,0,visible,"<strong>Print designer ID card and assure your identity creatively.</strong>\n\nCreate one today and experience the difference.\n<ul>\n 	<li>Size 85mm x 55mm</li>\n 	<li>Minimum 20 Qty.</li>\n 	<li>Easy to create</li>\n 	<li>Customisable</li>\n 	<li>Unique designs</li>\n 	<li>Starting from rupees <strong>157/-</strong></li>\n 	<li>V card, QR code available</li>\n</ul>\nDelivery within 24 hours available","<strong>Print designer ID card and assure your identity creatively.</strong>\n\nCreate one today and experience the difference.\n<ul>\n 	<li>Size 85mm x 55mm</li>\n 	<li>Minimum 20 Qty.</li>\n 	<li>Easy to create</li>\n 	<li>Customisable</li>\n 	<li>Unique designs</li>\n 	<li>Starting from rupees <strong>157/-</strong></li>\n 	<li>V card, QR code available</li>\n</ul>\nDelivery within 24 hours available",,,taxable,,1,,,0,0,,,,,1,,,0,"Office Stationery > ID Cards, Office Stationery",,,https://creativeprintarts.com/wp-content/uploads/2026/05/4272044.jpg,,,,,,,,,0,,,,,,,,,,,,,,,,,,,,,,,,,,,
10154,simple,,,"Multicolour Lanyards",1,0,visible,"Create a professional and memorable impression with custom multicolour lanyards that represent your brand wherever they are worn. Contact us today for bulk orders and personalized designs.\n<ul>\n 	<li data-section-id=""156hrs5"" data-start=""403"" data-end=""455"">Premium satin finish for a smooth and elegant look</li>\n 	<li data-section-id=""ijvjqh"" data-start=""456"" data-end=""514"">Custom printing with your logo, company name, or artwork</li>\n 	<li data-section-id=""pz0dn4"" data-start=""515"" data-end=""547"">30-inch length with 20mm width</li>\n 	<li data-section-id=""1y558ak"" data-start=""548"" data-end=""586"">Vibrant multicolour printing options</li>\n 	<li data-section-id=""kfrw88"" data-start=""587"" data-end=""636"">Comfortable, durable, and long-lasting material</li>\n 	<li data-section-id=""mkkz2p"" data-start=""637"" data-end=""704"">Available in a wide range of colours to match your brand identity</li>\n 	<li data-section-id=""wz67jk"" data-start=""705"" data-end=""765"">Perfect for ID cards, access cards, event badges, and keys</li>\n 	<li data-section-id=""192l3up"" data-start=""766"" data-end=""806"">Minimum order quantity: Just 10 pieces</li>\n</ul>","Create a professional and memorable impression with custom multicolour lanyards that represent your brand wherever they are worn. Contact us today for bulk orders and personalized designs.\n<ul>\n 	<li data-section-id=""156hrs5"" data-start=""403"" data-end=""455"">Premium satin finish for a smooth and elegant look</li>\n 	<li data-section-id=""ijvjqh"" data-start=""456"" data-end=""514"">Custom printing with your logo, company name, or artwork</li>\n 	<li data-section-id=""pz0dn4"" data-start=""515"" data-end=""547"">30-inch length with 20mm width</li>\n 	<li data-section-id=""1y558ak"" data-start=""548"" data-end=""586"">Vibrant multicolour printing options</li>\n 	<li data-section-id=""kfrw88"" data-start=""587"" data-end=""636"">Comfortable, durable, and long-lasting material</li>\n 	<li data-section-id=""mkkz2p"" data-start=""637"" data-end=""704"">Available in a wide range of colours to match your brand identity</li>\n 	<li data-section-id=""wz67jk"" data-start=""705"" data-end=""765"">Perfect for ID cards, access cards, event badges, and keys</li>\n 	<li data-section-id=""192l3up"" data-start=""766"" data-end=""806"">Minimum order quantity: Just 10 pieces</li>\n</ul>",,,taxable,,1,,,0,0,,,,,1,,,0,"Office Stationery > ID Cards",,,https://creativeprintarts.com/wp-content/uploads/2026/05/lanyard.jpg,,,,,,,,,0,,,,,,,,,,,,,,,,,,,,,,,,,,,
10171,simple,,,"Tent Card",1,0,visible,,,,,taxable,,1,,,0,0,,,,,1,,,0,"Marketing Product",,,https://creativeprintarts.com/wp-content/uploads/2026/05/Tent-Card.jpg,,,,,,,,,0,,,,,,,,,,,,,,,,,,,,,,,,,,,
10175,simple,,,"Address Labels",1,0,visible,,,,,taxable,,1,,,0,0,,,,,1,,,0,"Packaging, Packaging > Sticker/Labels",,,,,,,,,,,,0,,,,,,,,,,,,,,,,,,,,,,,,,,,
10176,simple,,,"Barcode Labels",1,0,visible,,,,,taxable,,1,,,0,0,,,,,1,,,0,"Packaging, Packaging > Sticker/Labels",,,,,,,,,,,,0,,,,,,,,,,,,,,,,,,,,,,,,,,,
10177,simple,,,"Circle Stickers",1,0,visible,,,,,taxable,,1,,,0,0,,,,,1,,,0,"Packaging, Packaging > Sticker/Labels",,,,,,,,,,,,0,,,,,,,,,,,,,,,,,,,,,,,,,,,
10178,simple,,,"Custom Stickers",1,0,visible,,,,,taxable,,1,,,0,0,,,,,1,,,0,"Packaging, Packaging > Sticker/Labels",,,,,,,,,,,,0,,,,,,,,,,,,,,,,,,,,,,,,,,,
10179,simple,,,"Product Labels",1,0,visible,,,,,taxable,,1,,,0,0,,,,,1,,,0,"Packaging, Packaging > Sticker/Labels",,,,,,,,,,,,0,,,,,,,,,,,,,,,,,,,,,,,,,,,
10180,simple,,,"Rectangle Stickers",1,0,visible,,,,,taxable,,1,,,0,0,,,,,1,,,0,"Packaging, Packaging > Sticker/Labels",,,,,,,,,,,,0,,,,,,,,,,,,,,,,,,,,,,,,,,,
10181,simple,,,"Square Stickers",1,0,visible,,,,,taxable,,1,,,0,0,,,,,1,,,0,"Packaging, Packaging > Sticker/Labels",,,,,,,,,,,,0,,,,,,,,,,,,,,,,,,,,,,,,,,,
10182,simple,,,"Warning Labels",1,0,visible,,,,,taxable,,1,,,0,0,,,,,1,,,0,"Packaging, Packaging > Sticker/Labels",,,,,,,,,,,,0,,,,,,,,,,,,,,,,,,,,,,,,,,,
10183,simple,,,"Paper Bag",1,0,visible,,,,,taxable,,1,,,0,0,,,,,1,,,0,Packaging,,,https://creativeprintarts.com/wp-content/uploads/2026/05/Paper-Bag-1.jpg,,,,,,,,,0,,,,,,,,,,,,,,,,,,,,,,,,,,,
10756,simple,,,Envelopes,1,0,visible,"<p class=""isSelectedEnd""><strong>Don't Underestimate the Power of a Great Envelope</strong></p>\n<p class=""isSelectedEnd"">Your envelope is the first thing your customer sees. Make every delivery look professional and leave a lasting impression before it's even opened.</p>\n✔ Starting from just ₹3,250 for 500 envelopes*\n✔ Customize with your logo, company name, or artwork\n✔ Available with or without window options\n✔ Premium white wove and printed paper stocks\n✔ Full-color printing on both front and back\n✔ Perfect for business correspondence, invoices, invitations, and direct mail campaigns","<p class=""isSelectedEnd""><strong>Don't Underestimate the Power of a Great Envelope</strong></p>\n<p class=""isSelectedEnd"">Your envelope is the first thing your customer sees. Make every delivery look professional and leave a lasting impression before it's even opened.</p>\n✔ Starting from just ₹3,250 for 500 envelopes*\n✔ Customize with your logo, company name, or artwork\n✔ Available with or without window options\n✔ Premium white wove and printed paper stocks\n✔ Full-color printing on both front and back\n✔ Perfect for business correspondence, invoices, invitations, and direct mail campaigns",,,taxable,,1,,,0,0,,,,,1,,,0,"Envelopes, Office Stationery",,,https://creativeprintarts.com/wp-content/uploads/2026/06/envelopes-scaled.jpg,,,,,,,,,0,,,size,"10x4.5, A-3, A-4, A-5, A-6",1,1,,,,,,,,,,,,,,,,,,,,,
10763,variable,,,Posters,1,0,visible,,,,,taxable,,1,,,0,0,,,,,1,,,,"Marketing Product, Marketing Product > Poster",,,https://creativeprintarts.com/wp-content/uploads/2026/06/Posters.jpg,,,,,,,,,0,,,size,"A-3, A-4, custom size",0,1,,,,,,,,,,,,,,,,,,,,,
10764,variation,,,"Posters - A-3",1,0,visible,,,,,taxable,parent,1,,,0,0,,,,,0,,,0.00,,,,,,,id:10763,,,,,,2,,,size,A-3,,1,,,,,,,,,,,,,,,,,,,,,
10765,variation,,,"Posters - A-4",1,0,visible,,,,,taxable,parent,1,,,0,0,,,,,0,,,0.00,,,,,,,id:10763,,,,,,3,,,size,A-4,,1,,,,,,,,,,,,,,,,,,,,,
10768,variation,,,"Posters - custom size",1,0,visible,,,,,taxable,parent,1,,,0,0,,,,,0,,,0.00,,,,,,,id:10763,,,,,,1,,,size,"custom size",,1,,,,,,,,,,,,,,,,,,,,,
10842,variable,,,Danglers,1,0,visible,,,,,taxable,,1,,,0,0,,,,,1,,,,"Marketing Product > Dangler, Marketing Product",,,https://creativeprintarts.com/wp-content/uploads/2026/06/Danglers.jpg,,,,,,,,,0,,,Shape,"Classic, Custom/Any Other, Normal, Round",1,1,,,,,,,,,,,,,,,,,,,,,
10845,variation,,,"Danglers - Classic",1,0,visible,,,,,taxable,parent,1,,,0,0,,,,,0,,,0.00,,,,,,,id:10842,,,,,,1,,,Shape,Classic,,1,,,,,,,,,,,,,,,,,,,,,
10846,variation,,,"Danglers - Custom/Any Other",1,0,visible,,,,,taxable,parent,1,,,0,0,,,,,0,,,0.00,,,,,,,id:10842,,,,,,2,,,Shape,"Custom/Any Other",,1,,,,,,,,,,,,,,,,,,,,,
10847,variation,,,"Danglers - Normal",1,0,visible,,,,,taxable,parent,1,,,0,0,,,,,0,,,0.00,,,,,,,id:10842,,,,,,3,,,Shape,Normal,,1,,,,,,,,,,,,,,,,,,,,,
10848,variation,,,"Danglers - Round",1,0,visible,,,,,taxable,parent,1,,,0,0,,,,,0,,,0.00,,,,,,,id:10842,,,,,,4,,,Shape,Round,,1,,,,,,,,,,,,,,,,,,,,,
10849,variable,,,Standees,1,0,visible,,,,,taxable,,1,,,0,0,,,,,1,,,,"Marketing Product, Marketing Product > Standees",,,https://creativeprintarts.com/wp-content/uploads/2026/06/Standees-scaled.jpg,,,,,,,,,0,,,standees,"Banner Media, Premium Flex",1,0,,,,,,,,,,,,,,,,,,,,,
10850,variation,,,"Standees - Banner Media",1,0,visible,,,,,taxable,parent,1,,,0,0,,,,,0,,,0.00,,,,,,,id:10849,,,,,,1,,,standees,"Banner Media",,0,,,,,,,,,,,,,,,,,,,,,
10851,variation,,,"Standees - Premium Flex",1,0,visible,,,,,taxable,parent,1,,,0,0,,,,,0,,,0.00,,,,,,,id:10849,,,,,,2,,,standees,"Premium Flex",,0,,,,,,,,,,,,,,,,,,,,,
10868,simple,,,"Bi-fold Brochure",1,0,visible,"A <strong data-start=""673"" data-end=""693"">bi-fold brochure</strong> is a single sheet of paper folded once down the middle, creating <strong data-start=""759"" data-end=""774"">four panels</strong>—two on the front and two inside. This classic layout is ideal for presenting information clearly, making it one of the most popular choices for business promotions and professional marketing materials.","A <strong data-start=""673"" data-end=""693"">bi-fold brochure</strong> is a single sheet of paper folded once down the middle, creating <strong data-start=""759"" data-end=""774"">four panels</strong>—two on the front and two inside. This classic layout is ideal for presenting information clearly, making it one of the most popular choices for business promotions and professional marketing materials.",,,taxable,,1,,,0,0,,,,,1,,,0,"Marketing Product > Brochures, Marketing Product","Best Seller",,https://creativeprintarts.com/wp-content/uploads/2026/05/Bi-fold-Brochure.jpg,,,,,,,,,0,,,size,"L, S",1,1,,Shape,"Normal, Round",1,1,,color,"Blue yonder, Lemon curry",1,1,,,,,,,,,,,
10870,simple,,,"Tri-fold Brochure",1,0,visible,,,,,taxable,,1,,,0,0,,,,,1,,,0,"Marketing Product > Brochures, Marketing Product","Best Seller",,https://creativeprintarts.com/wp-content/uploads/2026/05/Tri-fold-Brochure.jpg,,,,,,,,,0,,,,,,,,,,,,,,,,,,,,,,,,,,,
10958,simple,,,"Custom Paper Boxes",1,0,visible,,,,,taxable,,1,,,0,0,,,,,1,,,0,Packaging,,,,,,,,,,,,0,,,,,,,,,,,,,,,,,,,,,,,,,,,
10962,simple,,,"Kraft Paper Product Box",1,0,visible,,,,,taxable,,1,,,0,0,,,,,1,,,0,Packaging,,,,,,,,,,,,0,,,,,,,,,,,,,,,,,,,,,,,,,,,
10964,simple,,,"Hang Tags",1,0,visible,,,,,taxable,,1,,,0,0,,,,,1,,,0,Packaging,,,https://creativeprintarts.com/wp-content/uploads/2026/05/Hang-Tags.jpg,,,,,,,,,0,,,,,,,,,,,,,,,,,,,,,,,,,,,
11015,simple,,,Certificates,1,0,visible,,,,,taxable,,1,,,0,0,,,,,1,,,0,"Marketing Product",,,https://creativeprintarts.com/wp-content/uploads/2026/05/Certificates-scaled.jpg,,,,,,,,,0,,,,,,,,,,,,,,,,,,,,,,,,,,,
11039,simple,,,"Button Badges",1,0,visible,,,,,taxable,,1,,,0,0,,,,,1,,,0,"Marketing Product",,,https://creativeprintarts.com/wp-content/uploads/2026/05/badge.png,,,,,,,,,0,,,,,,,,,,,,,,,,,,,,,,,,,,,
